step,type,amount,nameOrig,oldbalanceOrg,newbalanceOrig,nameDest,oldbalanceDest,newbalanceDest,label
508,CASH_OUT,276457.98,C1077769743,476494.6,4283687.67,C556585849,1978252.99,22971.83,0
155,CASH_IN,409559.4,C548718209,2256330.83,870052.94,C2052003651,2676864.79,2812629.21,1
743,CASH_IN,344058.41,C1702260538,439517.04,128226.69,M920577806,842395.15,4833.75,0
190,PAYMENT,16565.89,sdv-pii-88fey,578032.04,2548181.12,sdv-pii-mftuo,13559.49,0.9,0
370,PAYMENT,76653.73,sdv-pii-v4ew3,1259397.4,230673.97,sdv-pii-onij7,392610.31,2064.08,1
151,PAYMENT,105780.48,C1906758644,274366.46,165971.47,C394154564,3216744.74,37827.11,1
538,CASH_OUT,19.96,C873141482,217.4,3579783.6,C1722094410,23571.38,0.0,1
29,PAYMENT,379187.04,C1353565632,997612.94,135774.06,C669987051,697029.94,1626595.29,0
310,TRANSFER,84614.42,C276389091,52190.03,579769.35,M70228690,4860926.63,681477.16,1
257,CASH_IN,24463.19,C1266630959,2594334.01,2195756.37,M1948888878,126995.08,0.5,1
323,PAYMENT,1282.15,sdv-pii-73c8h,0.11,0.31,sdv-pii-j5dzj,213044.91,33714.22,0
313,CASH_IN,278590.23,C455452668,569644.68,9190358.2,C981595020,4417556.87,1.292238306E7,1
232,PAYMENT,84085.39,C1936174759,1287238.98,1684339.34,M765830035,33654.57,6999.24,0
51,PAYMENT,185528.3,C1971387963,10702.35,253682.21,C1857346532,235639.78,7701.59,1
144,CASH_IN,242082.16,sdv-pii-bticu,51751.66,138583.78,sdv-pii-1ltsf,3181931.99,1723785.38,0
403,CASH_OUT,665187.59,C633584696,2215686.74,1571874.5,M1828489162,1991247.56,8379872.08,0
269,PAYMENT,44931.43,C799188532,19309.74,35805.36,C395429476,638795.01,624828.36,1
78,CASH_OUT,118877.0,sdv-pii-hiygi,2888687.43,1807722.02,sdv-pii-megpt,1046263.37,164644.45,1
358,CASH_OUT,87608.5,sdv-pii-9z95q,4031691.29,6193604.62,sdv-pii-ho83n,89897.68,575.89,0
365,CASH_OUT,538.03,C1574470929,2001132.91,2167289.09,M26701953,13392.57,0.0,1
150,CASH_IN,177184.68,sdv-pii-5i2m6,28850.37,65256.33,sdv-pii-sskjx,3400238.94,7149581.58,1
212,CASH_IN,63371.61,C59460788,271815.13,8131000.26,C1656949795,2021129.65,933529.16,0
289,CASH_IN,119009.54,sdv-pii-kui0o,9122757.62,1.716103111E7,sdv-pii-8ydvj,2515909.99,1.117675211E7,1
143,TRANSFER,15129.51,C1086804017,727415.33,1306615.94,C580361707,572560.49,48249.76,0
371,PAYMENT,234358.4,C622154175,0.03,0.0,C1559909665,1141361.79,514767.59,0
97,CASH_OUT,40708.75,C1102477064,5506809.39,1.080459412E7,M105872248,1014756.88,8.09,1
216,PAYMENT,74179.19,C1074091321,26533.05,31640.5,M156243225,141562.26,0.0,1
424,TRANSFER,144823.86,C1586810266,8388.58,209862.56,M1183514640,1591886.08,4530035.33,1
470,CASH_OUT,528237.52,C968971824,28406.9,1060299.73,C498103675,1.072746925E7,1.028530292E7,1
346,TRANSFER,42734.21,C967552306,7223.33,2155219.01,C2141523636,564431.55,0.0,0
384,PAYMENT,67305.77,C2035178475,120523.49,683686.22,C132307643,651973.13,401503.04,0
385,CASH_IN,6238.83,C763654245,137248.47,3591962.73,C1125485769,2633846.03,92740.85,1
178,CASH_OUT,440428.45,C832775131,56.02,11.42,M1318237916,699925.7,7635947.93,0
325,CASH_IN,566647.63,sdv-pii-zb102,1850269.28,2151878.95,sdv-pii-jkw8m,1696755.53,4.179115566E7,1
150,CASH_IN,164495.73,C1772480912,657928.92,2269606.67,M289048899,432182.58,5.48,0
588,PAYMENT,5973.79,C2051023681,116503.89,1047166.8,M1376021635,887811.38,599067.41,0
97,CASH_IN,600276.19,C342284935,1217297.71,61181.41,C2010468866,3626812.18,2.216246805E7,1
431,PAYMENT,2709.98,sdv-pii-gq3gf,38947.21,454536.17,sdv-pii-65d6u,973821.29,74615.99,1
213,CASH_IN,128947.77,C1690125164,1781359.18,4951415.98,C1158900486,1.158028315E7,6.781330577E7,1
310,CASH_OUT,119619.08,C1323588652,651.46,3966.43,M1003141446,285488.37,0.0,1
226,PAYMENT,1420.94,sdv-pii-ubfwo,314058.45,2396161.3,sdv-pii-aa5zs,5051.5,0.02,0
226,CASH_OUT,114322.13,C1310303766,225667.74,175146.43,M109730803,3169101.16,55509.45,0
592,CASH_OUT,473556.27,C1248625261,32783.2,7097.86,M1940938758,4289553.09,5255058.29,0
327,CASH_IN,296680.43,sdv-pii-etyyk,104063.39,753690.54,sdv-pii-xu8z9,7522834.59,1.399872269E7,1
297,CASH_IN,63413.7,C88805832,707836.37,4922369.69,M479659574,819214.82,20495.02,0
207,PAYMENT,956.36,C98911754,331336.12,306336.83,M1874201238,142888.51,0.0,1
1,PAYMENT,193716.95,C1640097092,220507.76,2931.49,C437801258,27215.97,19.09,1
34,CASH_OUT,31544.62,sdv-pii-7ub4d,604764.38,4014533.67,sdv-pii-2eshk,3180374.22,9697975.43,0
345,CASH_OUT,76159.74,C1761963154,2732.14,29998.59,C529280612,2281594.17,175533.54,0
107,PAYMENT,1137.88,C914794075,5.94,0.02,C1547827943,70432.35,11630.84,1
105,PAYMENT,20232.1,C959488470,13781.1,920511.21,C506899093,3021112.45,673238.41,1
227,CASH_IN,239328.37,C144855748,89115.58,1960535.21,M2016277126,2362812.82,3959754.64,1
23,CASH_IN,67973.32,sdv-pii-twzqx,7830224.58,1.287368317E7,sdv-pii-elrj6,1299662.49,3113721.11,0
240,TRANSFER,520966.7,C968741484,1599648.66,809250.26,C706164609,1443544.49,235611.99,1
280,PAYMENT,3830.61,sdv-pii-zwjmz,233253.43,65041.86,sdv-pii-f30q9,1367976.5,231485.94,1
138,PAYMENT,124881.51,sdv-pii-28lj7,3273385.28,1810.36,sdv-pii-x2efb,114980.0,2536.96,0
326,TRANSFER,23809.76,C1053506995,667232.89,707906.07,C900598937,749652.64,46187.51,0
417,PAYMENT,293.84,sdv-pii-3tc0h,2321915.44,2510722.28,sdv-pii-tb7c7,18065.47,0.01,1
549,PAYMENT,40559.22,sdv-pii-wbeo5,4787.63,111991.91,sdv-pii-to8s4,319095.89,72508.41,0
226,CASH_IN,498429.0,C1958401316,4518946.11,1.031596093E7,M1388748560,4620100.05,4468588.57,0
445,CASH_OUT,672054.59,C452168153,178103.93,47019.94,C582358907,5523865.51,1.448281831E7,1
334,CASH_IN,838537.6,C1827811127,3015.7,38926.4,M66845621,3477550.73,4.172874992E7,1
455,CASH_OUT,1196583.93,C1116495463,5475248.22,4137038.63,C574597090,3009047.96,2662684.47,1
232,CASH_IN,1047795.07,C502553886,322038.08,38277.71,C1536091721,1.902356495E7,6.985014024E7,0
504,PAYMENT,39354.69,C1334228754,19272.49,461352.48,M1039757989,1248624.81,25112.9,0
172,PAYMENT,71058.04,C1741733347,2676.74,198336.61,C843383038,358926.9,26878.88,0
141,PAYMENT,6260.69,C1408116876,168908.05,116508.29,M1964198721,1055541.94,42415.67,0
130,PAYMENT,16610.46,C1941561129,24060.75,161135.78,M1470926079,279102.48,15374.12,1
328,CASH_IN,144487.03,sdv-pii-mvdeo,54543.09,1104175.05,sdv-pii-ulos5,7295993.03,1.36513246E7,0
234,CASH_IN,274821.73,sdv-pii-b8ihk,1748909.53,666986.93,sdv-pii-xzibd,669720.05,332927.72,0
371,PAYMENT,1505.29,C1031725112,10642.0,1476532.65,C1369639601,4873703.37,163506.16,1
40,TRANSFER,14084.18,C1183034654,1097920.32,108170.65,C363973819,1076653.72,356.39,1
415,CASH_OUT,388644.87,sdv-pii-nh5hy,41.6,1904.12,sdv-pii-nk692,5716175.14,9566657.92,0
559,PAYMENT,249.22,sdv-pii-fzwlh,168221.62,576808.74,sdv-pii-78i22,6746.45,0.75,0
182,CASH_IN,232773.84,sdv-pii-iucfn,265125.53,1992872.83,sdv-pii-l4wrk,5096601.22,8721289.78,1
260,CASH_OUT,234870.67,C660898241,2668991.36,1455490.84,C936591309,1936719.02,388817.47,0
284,CASH_OUT,72532.72,sdv-pii-yoj21,712474.03,625814.06,sdv-pii-ugdfg,4496722.17,3995627.03,1
272,TRANSFER,256486.25,C1164154092,0.01,604.6,C1749346771,3512787.1,124144.9,1
199,PAYMENT,670.87,C52465234,7688524.83,1.186376594E7,M1450712200,2255.5,0.0,1
371,TRANSFER,151.87,C567845839,15663.78,130154.01,M1716021181,66374.11,0.0,1
313,CASH_IN,246794.71,C1907514436,5270801.48,676799.26,M45066221,1775898.42,5407133.44,1
223,CASH_IN,120812.89,C476098342,2081022.88,5800957.85,C1049065277,1827441.84,846408.9,0
343,CASH_OUT,491388.95,C2073645832,6211.7,1418339.66,M219309494,2355109.23,1.544217361E7,1
523,TRANSFER,727993.74,sdv-pii-43dib,55886.33,45521.82,sdv-pii-6e7c6,2628868.46,6976747.09,1
128,PAYMENT,5180.1,C524578187,239424.66,402344.67,M468397510,355923.77,0.01,0
397,CASH_IN,238960.47,C1111943599,56659.83,1079484.76,M1570597761,4761609.29,821388.46,1
219,CASH_OUT,106923.18,C1840435101,5421899.87,1145361.91,M2057532750,1920576.87,2848431.06,1
351,CASH_OUT,29583.61,C1573983426,927422.76,8387506.83,C295917556,1639327.63,783.62,1
189,CASH_IN,300944.5,C1754465051,8172186.8,822782.45,C1219447814,1498004.53,734106.56,0
41,PAYMENT,9683.06,sdv-pii-1kpe0,88868.64,14082.74,sdv-pii-msfja,1607.69,1.29,0
246,PAYMENT,7729.39,sdv-pii-4ma9s,18148.63,266932.45,sdv-pii-g2pdr,678950.99,13238.12,1
549,CASH_OUT,202334.06,C1419266230,4591.73,30551.3,M1167865175,7953419.17,2.735660379E7,0
338,PAYMENT,318.95,C457170764,113.57,15.51,M325186975,3937.4,27.22,1
93,CASH_OUT,3827.27,C1551248549,1.205508285E7,9902669.6,C1868558045,169249.02,1962.16,0
311,CASH_IN,209604.01,C916091533,1284525.71,2113788.93,C1271046670,3521795.98,6400107.49,0
128,CASH_OUT,14447.82,C792479244,16096.8,217149.21,C959779101,1570247.38,2392.94,1
80,PAYMENT,4924.07,sdv-pii-p0yxj,15.73,839.75,sdv-pii-ivstj,21941.03,5.67,0
384,CASH_IN,420896.69,C705314829,87975.58,38541.22,C201194572,1.192889412E7,1.625177457E7,1
221,CASH_IN,118305.71,C1816133744,2728903.51,2899189.62,C976421237,1280727.9,189.85,1
372,CASH_IN,121235.51,C1920059870,771641.84,1294355.97,C467766816,3304834.95,3785282.56,0
354,CASH_IN,51757.63,C1287778171,564236.6,1440339.53,M1006058361,2166422.9,5767115.1,0
153,PAYMENT,24287.28,C1643569670,116483.77,98629.92,M842508685,69574.92,0.0,1
120,PAYMENT,415082.26,C1431817875,249024.06,93834.63,C2011651961,87279.98,2.29,1
205,TRANSFER,85805.55,C24328510,588568.57,267388.72,C1109499334,934889.34,173308.4,0
118,CASH_IN,1312.46,C1023567895,838860.89,2111162.02,M1900910156,527918.02,18.94,1
99,CASH_IN,690969.34,sdv-pii-wt66s,62747.78,172556.67,sdv-pii-sigz8,1102106.54,3510790.35,0
119,PAYMENT,164296.14,sdv-pii-4ljah,0.01,0.01,sdv-pii-z1owo,231154.29,99160.17,1
56,TRANSFER,792037.14,C1379437634,1429718.27,1538970.16,C1365507810,506451.77,519907.42,0
277,TRANSFER,152633.74,C1088376581,503089.36,2049340.0,C1369812038,1690470.41,0.01,1
138,CASH_IN,10748.58,C1634270589,297.13,11686.67,C1144309564,1292727.16,2669.1,0
129,CASH_IN,378006.73,C618339205,3584754.47,2159415.49,M1850549834,6713049.93,5974521.83,1
95,TRANSFER,700714.88,C1344685400,2109124.88,287218.74,C30151499,1435375.4,20130.39,0
117,CASH_OUT,117807.1,sdv-pii-q6cp6,1287183.84,146357.5,sdv-pii-bw67e,979811.9,251842.53,1
243,CASH_IN,659302.96,sdv-pii-avo5k,7747.05,3472578.36,sdv-pii-k1u1p,2.636200488E7,6.688950302E7,0
112,CASH_OUT,415640.94,C1873682311,64.27,0.0,M1650184388,2968283.51,933086.09,1
238,CASH_OUT,34891.06,C574631778,3174453.81,1142512.49,M338950586,5660817.14,1010411.94,0
151,TRANSFER,42306.51,C1597280606,1444369.92,2328118.57,C1650704471,849056.86,3560.02,0
211,PAYMENT,39.34,C356214161,6376451.44,1.374756055E7,C1564172900,226073.98,212.91,0
250,CASH_IN,459539.38,sdv-pii-djdl1,75135.51,834560.64,sdv-pii-8b24b,3038977.19,2.170582865E7,0
269,PAYMENT,603.02,sdv-pii-vvka8,1997735.67,4995544.7,sdv-pii-kr0jn,13713.93,0.02,0
304,CASH_OUT,9291.16,sdv-pii-64hew,96582.6,1.138293572E7,sdv-pii-ptcnr,1030131.18,38718.49,0
207,CASH_OUT,260068.81,C388721649,1143414.45,226285.94,C1669580372,563241.72,566.21,0
468,CASH_OUT,648234.59,sdv-pii-4vbg7,2.63,1765.71,sdv-pii-sf9hv,2968889.85,8675576.44,0
223,CASH_IN,495967.42,sdv-pii-3szf0,488.2,116547.77,sdv-pii-8hcvl,3213637.92,1.206977309E7,1
152,CASH_OUT,81194.08,C486038448,973415.99,69493.59,M163897064,1377702.19,2632020.13,0
589,CASH_OUT,297070.22,C2055615433,595049.58,861217.34,M1078498365,532329.18,27.85,1
111,CASH_IN,781473.29,C560101694,3502697.75,6619136.6,C1093522563,6182060.1,2.014436789E7,0
207,CASH_OUT,317494.81,C1559483807,1581838.3,6051928.92,C634502879,74384.62,3389.55,1
350,CASH_IN,102876.58,C1977453946,1.238974425E7,5703067.57,C1074334222,807009.76,7880206.13,0
227,CASH_OUT,67344.22,sdv-pii-au335,319190.3,2288441.1,sdv-pii-l9kft,3416791.85,1365134.08,1
415,CASH_OUT,508289.49,C2072717664,1061709.43,334643.65,M1391991995,1549206.84,19535.58,0
58,PAYMENT,294.23,C63468222,362596.65,69272.3,C1619270798,27675.65,22.06,1
243,CASH_OUT,32242.28,C1014229807,8875.94,831273.13,C1030310133,894058.54,10238.95,1
148,CASH_IN,833531.98,C1639116518,7462602.67,3353526.76,C2013978279,5100087.97,237215.58,0
546,CASH_IN,645264.16,C583490863,5188.57,79052.6,C27738028,6604412.89,6738845.71,0
336,PAYMENT,260787.93,C630508413,5492.98,1364957.29,M1875296168,726715.59,0.07,1
163,PAYMENT,195354.83,C449533389,3972.02,944.95,M1715587470,2782798.53,316295.29,1
520,CASH_OUT,288282.36,C150388453,35447.47,196.12,M447405070,1213853.76,150759.8,1
201,CASH_OUT,51110.15,sdv-pii-3hmse,836674.0,1291840.85,sdv-pii-iml6t,2345102.0,3226039.4,1
351,CASH_OUT,41699.78,C1153443695,31679.96,320010.4,C241343871,3330122.23,5013454.41,1
64,PAYMENT,147969.5,C1099485780,2298481.57,157408.8,C441129646,2173738.52,212841.01,1
11,DEBIT,535871.21,C865761636,1571.88,77018.95,C279565067,1758160.12,2281.62,0
380,PAYMENT,117.59,sdv-pii-r41ox,52662.89,46106.09,sdv-pii-udsll,76351.65,0.0,1
434,CASH_OUT,134968.99,C930729121,3967.19,215920.87,C1552996631,1632426.67,2302179.98,0
68,PAYMENT,10841.06,C472269601,1421389.7,1978229.23,C59896372,88277.3,0.0,0
81,CASH_OUT,104922.16,sdv-pii-dzecx,474050.57,2484683.72,sdv-pii-gwglo,3147901.27,6417753.51,1
606,CASH_OUT,1360.93,C506210243,611658.68,2715440.26,M21734680,154837.94,0.0,0
259,CASH_OUT,367626.33,C1172457956,6479801.41,947773.56,M1794389416,898481.53,530047.83,0
169,CASH_OUT,77075.78,C1081152681,7682.98,168965.78,M1159665116,267830.0,64.8,1
52,PAYMENT,10108.66,C816870534,53664.5,48375.4,C861515347,270137.6,4537.52,0
262,TRANSFER,185981.92,C727149375,95582.65,4473.26,C1905180374,2023425.78,175729.44,0
356,CASH_IN,435767.84,C1006611072,9789001.77,385836.32,M747342483,132272.04,1.47,1
614,PAYMENT,45233.76,C1240786116,137088.22,461646.23,C1904826846,2008047.62,69954.2,0
388,CASH_IN,414533.36,C2106683428,1928305.92,8540809.92,C149721099,1850385.96,1025771.91,1
485,CASH_OUT,26190.24,C1217843113,932657.66,1693818.82,C849087751,448814.46,1440.59,0
547,CASH_IN,76277.39,C904073758,3554.75,1707866.1,C397522039,7421781.7,3492646.79,0
143,CASH_IN,307055.64,sdv-pii-92mtz,35648.03,80040.15,sdv-pii-5i5vh,8935783.96,4.242408007E7,0
54,PAYMENT,74197.8,C1470882714,217052.94,184091.78,C1522305569,50995.99,0.24,1
1,PAYMENT,101283.13,C1627456312,76457.86,355486.74,C1314172327,816599.78,0.0,0
53,CASH_IN,162565.69,C751765961,608104.48,2281445.57,C1976158454,526207.13,0.38,1
43,CASH_OUT,4757.1,sdv-pii-dq3ui,164621.09,3572981.39,sdv-pii-uuw1v,453979.95,93084.63,0
75,CASH_IN,741611.01,C568754725,4978982.87,3094121.09,C727161973,5762185.87,5142116.99,1
99,PAYMENT,30531.79,C642250851,514847.68,350587.3,C974781443,84209.56,37325.96,1
300,CASH_IN,23608.49,sdv-pii-xd9rq,843601.89,6729984.6,sdv-pii-6bu7p,3228285.92,1.017316037E7,0
107,PAYMENT,2263.38,C1896158786,86887.66,86080.54,M267024348,32134.89,0.0,1
372,CASH_OUT,178.89,C1570174917,33914.1,3021427.44,M921551225,432347.39,0.0,0
416,CASH_OUT,39073.85,C665623543,505535.4,572349.01,M1088511460,435671.77,16.58,0
311,CASH_OUT,350901.4,sdv-pii-zi4tr,0.04,2920.57,sdv-pii-ztor4,3936242.47,1.380071012E7,0
743,CASH_IN,202151.44,sdv-pii-slfex,1255524.82,2747354.69,sdv-pii-7xj6h,8052498.61,7.095943072E7,0
296,CASH_OUT,143652.17,C1862862077,1.301455613E7,1.039186323E7,C1863321549,265548.43,0.0,0
96,CASH_IN,292826.82,C818908733,975513.3,503809.18,M2037596128,5793354.1,3.942839885E7,1
164,TRANSFER,13029.61,C945034548,3043.46,1365151.02,C139148435,626810.67,7699.18,1
240,PAYMENT,274786.85,C1688991342,756172.31,222028.42,C1620112580,3616170.29,116843.46,1
448,CASH_OUT,48747.1,C953268529,335.23,72065.26,M1303568772,276605.21,0.17,1
231,CASH_IN,144407.1,C1475426350,1073530.67,278895.02,C1438531664,631990.45,52413.39,1
109,CASH_OUT,172071.93,sdv-pii-itoqt,5526390.02,5976062.16,sdv-pii-utot3,658594.42,327292.58,1
91,CASH_OUT,31764.42,C425663852,9156246.32,1.880757417E7,C813464641,446975.69,268934.07,0
156,CASH_IN,152670.24,C533095326,3074486.49,1.567345128E7,C1279968286,947336.04,3.1,1
80,CASH_OUT,441001.73,C1784929469,868565.95,494597.01,C299086533,1390207.07,49164.18,1
85,PAYMENT,119722.22,sdv-pii-x07i6,332492.69,3160432.8,sdv-pii-bbjzd,2006124.3,74138.14,1
196,PAYMENT,9118.13,sdv-pii-kf9vi,0.04,7543.61,sdv-pii-u90j3,41043.55,0.07,1
106,CASH_OUT,704942.41,C778870589,2195.93,871.74,C123065630,1448444.86,1088924.31,0
5,PAYMENT,131832.49,C21540589,664646.2,9561046.65,C329473339,1952025.79,503084.32,1
149,PAYMENT,180967.17,C1334787485,1630277.86,784346.28,C598951660,97364.68,1.67,0
434,CASH_OUT,16441.28,C966154314,2188689.74,1058199.27,C1770672745,182520.14,59967.5,1
234,PAYMENT,377858.25,C454045643,3178.47,129115.04,M1926296547,856128.21,89.13,0
228,DEBIT,1421031.5,C655582419,8455064.05,1.198274679E7,C1314538199,3791772.15,932896.96,1
276,PAYMENT,3684.5,sdv-pii-fui7z,113664.14,42930.12,sdv-pii-oog3x,607371.8,210293.92,1
243,CASH_IN,167106.5,C420786278,116190.81,1798343.89,C1944757376,8238613.71,6.477641534E7,1
294,CASH_IN,67814.57,sdv-pii-agrf0,445328.23,286798.13,sdv-pii-f03yh,766389.73,1511139.82,1
208,CASH_OUT,94942.43,C1362480443,439983.34,26915.66,C1662044738,3762571.56,2565917.56,0
559,CASH_OUT,16572.19,C1444260023,4152.04,121702.02,C2000490153,1883692.12,1840855.5,0
253,CASH_OUT,398381.07,C2011995544,278.71,636.14,M778998029,2872857.55,7812432.69,0
162,CASH_OUT,287977.65,C245660567,258688.05,212367.02,C1828286297,685217.15,1793304.09,0
50,CASH_OUT,73825.97,sdv-pii-6cpht,50444.33,206025.42,sdv-pii-q10vm,117945.72,5830.94,1
241,CASH_IN,78674.06,C1127013685,1237982.25,154946.54,C1378763173,1843052.22,3.131041442E7,1
68,CASH_OUT,338815.63,sdv-pii-iyac0,5620.53,225770.23,sdv-pii-b14pq,3122009.85,4490716.94,0
135,PAYMENT,94240.53,sdv-pii-v3qay,25.2,17.11,sdv-pii-u51tt,84286.71,1030.4,1
538,CASH_IN,380695.62,sdv-pii-d10j8,882717.75,188526.08,sdv-pii-9zelo,2300484.4,3931672.27,1
88,PAYMENT,9890.12,C536709776,26298.59,20717.85,C1124697188,108290.3,0.0,0
289,CASH_OUT,21628.07,C2070208210,61530.13,31550.19,C1898410942,8128476.36,1575112.24,0
17,PAYMENT,204809.75,sdv-pii-ixfdc,51364.51,2103775.19,sdv-pii-zbyv4,1502850.01,3378679.24,1
126,CASH_IN,648840.56,C142483808,206384.21,688359.17,C1818898400,4718552.58,1251168.21,0
24,CASH_OUT,65806.65,C541225976,66390.48,462.32,C1737413597,666633.05,1581209.69,0
114,CASH_IN,153666.79,C1547489169,1597560.35,978760.52,C443726806,5699115.88,6531443.43,0
232,CASH_OUT,738668.67,sdv-pii-96fvq,63092.26,73238.81,sdv-pii-4o3yw,1543556.93,484698.3,1
44,CASH_IN,38951.08,C532951586,1722656.04,2235924.08,C692584325,8238470.41,1.066704091E7,0
549,CASH_OUT,291371.16,C2027214449,10478.64,12875.96,M932799154,2895602.79,3899438.95,0
304,CASH_IN,168967.42,C1935849821,24619.59,691149.79,M627828379,1533048.26,49297.63,0
146,CASH_OUT,234538.77,C1903569487,1316.27,0.13,C293200134,175414.11,111445.43,1
202,CASH_IN,266583.19,C1204068322,1254372.3,4710675.38,C679567975,6277241.85,1.663881681E7,0
288,PAYMENT,65985.19,sdv-pii-dejr6,679648.92,882847.37,sdv-pii-0n98q,483673.52,308724.65,0
131,CASH_IN,730626.89,C1155691116,6606589.66,300002.57,C1973688792,633345.22,30041.97,1
241,CASH_OUT,2988.87,C2092716876,58627.21,863428.79,C1965279777,1105372.81,97933.79,0
123,TRANSFER,4974.13,C274847905,649700.69,3345999.64,C391663023,529733.75,32364.73,0
159,CASH_OUT,231773.55,C1821422178,12694.14,174891.27,C1510804559,180688.4,0.03,1
222,CASH_OUT,178474.9,sdv-pii-4g2kt,1482814.77,88753.95,sdv-pii-nn0tc,273844.59,3725859.19,0
225,TRANSFER,18974.15,C404552662,3833.17,27303.32,M414523000,180701.59,0.03,1
143,CASH_OUT,32559.68,C1139763445,6651.62,677427.49,C863136790,906999.29,4419726.97,1
382,PAYMENT,53130.55,C1759602715,1.46,39189.53,C1774163286,430662.91,25250.67,1
491,CASH_OUT,291196.68,sdv-pii-4nt1i,4411.85,670.87,sdv-pii-wjllv,1619924.17,1488689.74,1
148,PAYMENT,2715.52,sdv-pii-bsej1,4.62,62495.85,sdv-pii-mhn4h,39752.12,36.78,0
202,TRANSFER,338558.39,sdv-pii-7o1zq,10217.33,60149.75,sdv-pii-fdqco,4292713.81,1.619601856E7,0
87,CASH_IN,59266.18,C913958925,3079836.08,1.607162677E7,C1135862853,6973237.65,1.628205442E7,1
52,PAYMENT,47479.44,C2120852172,675062.46,108455.41,C526479728,452863.38,10103.6,1
295,CASH_OUT,53939.42,C612572607,1455705.56,1574195.03,C1740719956,1388127.37,269485.08,1
286,PAYMENT,309963.6,C1057994832,334373.12,236868.88,C1159394986,188301.39,563.86,1
153,CASH_OUT,52314.78,sdv-pii-7qccn,1.2982172E7,1.007232446E7,sdv-pii-ra73q,12345.91,14.9,0
238,PAYMENT,516313.63,C746509190,4743.8,192.12,M1344465573,3277057.51,3954966.63,1
104,CASH_OUT,14667.99,sdv-pii-wwe4j,139921.44,152306.6,sdv-pii-xsoal,1654600.77,2028760.94,1
25,PAYMENT,76191.38,C1547128193,215054.94,210223.3,M98065367,115952.21,0.83,1
236,CASH_OUT,51.69,sdv-pii-kq4cz,3864948.65,1.300878135E7,sdv-pii-f8x0r,628672.0,23.26,0
83,TRANSFER,29747.12,C1141290183,563.0,80761.89,M1636722126,338562.89,399.32,1
172,CASH_OUT,61830.24,C1986222923,10166.52,1360.45,C406629279,1068580.51,0.0,1
288,CASH_OUT,671653.83,C943281147,1267667.73,3047964.32,C1450872799,2657884.78,732187.03,0
282,CASH_OUT,1571189.49,C590123463,391331.24,4793.92,M1824279881,6530748.11,4644910.13,0
23,TRANSFER,26701.81,sdv-pii-z5qwu,2455880.38,949566.63,sdv-pii-8isdg,116943.81,2482.33,1
139,PAYMENT,3126.07,C80574805,22540.54,1900804.47,C1055189638,547491.15,0.0,0
34,PAYMENT,10832.35,sdv-pii-j2luf,360442.72,767054.57,sdv-pii-hy0ph,781850.81,151028.54,1
231,PAYMENT,140941.01,C809683310,179.79,9288.73,C902577589,124772.59,13032.63,0
423,CASH_OUT,818332.72,C1270333600,73.83,21766.36,C529098000,7218067.24,2.552966886E7,1
358,CASH_OUT,17133.22,C138070715,2552246.78,3412927.11,M1192463934,559044.49,11.61,0
28,PAYMENT,22420.54,C1061570458,5644.74,54.58,M1788735100,128766.25,0.44,1
349,TRANSFER,97419.89,sdv-pii-0tqbo,3504553.65,843106.37,sdv-pii-w7srl,1716418.83,604743.89,0
112,DEBIT,135103.69,C315419494,2082859.3,3118890.97,C1746686214,1083520.13,30220.47,0
314,CASH_OUT,48268.79,C2000377619,71376.55,1595897.13,M599597596,4074405.59,5709615.35,1
112,PAYMENT,37845.4,C1619528474,251668.63,15663.99,M2003645135,211788.92,0.0,1
413,CASH_OUT,16829.18,C648547570,133912.41,785594.26,C1120048733,161575.34,0.68,1
63,PAYMENT,154707.08,C1090264451,250825.25,131798.1,C2069311478,378711.4,25.28,0
477,PAYMENT,599.19,C1791116745,8631441.7,4469180.0,C2124886142,332652.89,65198.3,0
275,PAYMENT,137375.67,C2104362811,95767.67,206928.69,C31273904,1556022.31,491586.75,1
68,PAYMENT,5246.87,C1509624269,5431880.65,7236743.3,C1017156390,61201.17,10.99,0
369,CASH_IN,162773.86,C312641823,1576874.94,1648193.35,C1966376728,2071614.24,4324780.93,1
119,CASH_OUT,76059.28,C59554414,1157484.3,623510.51,C2089780354,23464.29,0.07,0
126,TRANSFER,59065.38,C1376684642,8002.39,21320.52,M1714379624,70109.15,0.0,1
69,PAYMENT,8474.04,C372075981,676762.87,7471204.31,M1875419918,125768.91,0.55,0
309,CASH_IN,181202.06,C893739189,509153.61,1726402.08,C1632247565,8909916.76,7545139.46,1
42,PAYMENT,269076.99,C1567018338,47871.91,14386.01,C579397011,1887583.33,5448.68,0
135,CASH_OUT,769964.12,C467022273,1255452.64,5475808.98,M1587930140,1295308.18,822585.27,0
554,PAYMENT,2836.34,sdv-pii-91un7,0.35,1535.87,sdv-pii-wzfhw,859152.13,10772.16,0
51,CASH_IN,487470.43,C498003351,1038803.84,3719196.61,C1262016786,1381324.3,213652.98,0
27,CASH_OUT,424818.52,C1036344520,46027.53,122209.23,C1063116402,2568417.84,3643192.0,1
213,CASH_OUT,25431.74,C677174414,83000.38,4465177.59,C54044651,1848042.1,4784.85,0
159,CASH_OUT,121048.77,sdv-pii-zg305,502071.14,98436.67,sdv-pii-sla3l,606403.5,108603.76,1
583,CASH_OUT,8018.03,C211700622,5944.54,815285.87,M976809689,334553.43,0.0,1
99,PAYMENT,15866.46,sdv-pii-0ohsb,648112.69,542611.29,sdv-pii-2464r,268227.29,391.31,0
182,CASH_IN,532587.18,C1316859736,294937.87,1886278.35,M959594388,6980490.7,1.269031222E7,1
43,PAYMENT,294588.32,C1249472663,183785.18,151787.91,C100607999,205441.52,1.79,0
470,CASH_IN,858277.21,sdv-pii-olt72,579593.08,3015120.78,sdv-pii-vksa3,9032794.57,3.214039038E7,0
235,PAYMENT,195036.15,C526679912,85305.11,16546.38,M1831186688,596726.15,14.89,0
178,CASH_IN,31907.38,C1097271291,872967.42,1748940.27,M2040788124,218776.34,182.47,1
283,PAYMENT,251474.92,C181706877,427.18,899313.19,C986863114,148967.37,0.05,0
253,CASH_IN,123326.09,C1948766884,186404.48,1700439.57,M809586042,4414837.17,7391072.36,1
100,CASH_IN,1466520.81,C580842438,165469.12,11394.12,M92038976,6003718.86,4.252585788E7,0
344,PAYMENT,6044.91,C1877185691,38260.4,234.5,M1802012504,44471.43,7233.68,0
65,PAYMENT,4451.48,C942619449,1425625.29,981842.75,M114591807,49213.01,30.47,0
372,CASH_OUT,6370.28,C1919153177,16873.35,562462.11,C1367667703,4560799.21,1087592.55,1
12,CASH_IN,588249.87,C818457420,2096.74,65130.69,C908663235,1877522.14,447591.61,0
41,PAYMENT,115.98,C975905943,0.54,5220.99,C1075842201,84117.73,7638.52,1
214,CASH_IN,26656.08,C146055801,1991738.17,8474818.12,C1142223453,1370506.06,6662.75,1
18,CASH_OUT,8802.29,C1579201325,7400386.33,8719747.04,C1869952026,997812.96,0.06,1
144,CASH_OUT,6818.66,sdv-pii-y8jfk,8644695.42,1.046876947E7,sdv-pii-wv7jj,193707.97,177971.62,0
284,PAYMENT,790645.1,C2111572074,0.28,627597.41,C879449059,2504195.48,1837300.04,1
151,CASH_IN,138309.82,C1784256602,118933.51,53539.19,C793116596,2590471.84,2900805.95,1
605,CASH_IN,5600.72,C1147208060,1.145450472E7,1.409181425E7,M1615011794,60821.76,90.6,1
264,PAYMENT,912.08,sdv-pii-ododo,8.84,468797.85,sdv-pii-427sh,17427.31,10.29,0
176,CASH_OUT,166424.77,C2084686534,116637.77,213923.43,C57745300,767511.05,2559701.51,0
152,CASH_IN,245367.67,C549287371,1.414255229E7,6023737.36,M1204689258,1924492.92,142150.22,1
40,PAYMENT,2997.95,C2145086422,1531545.88,873050.77,C633243244,2012108.11,24723.3,0
236,PAYMENT,73724.08,sdv-pii-1um8u,0.01,6.77,sdv-pii-k0af9,528218.42,5776.73,1
489,PAYMENT,48954.69,C327924196,147191.96,96122.75,M1059136362,563687.82,1.86,1
254,CASH_OUT,369288.51,C2063622907,2904187.59,970027.87,M528251614,1719332.41,2373710.8,1
167,CASH_OUT,22475.73,C1963707348,104.89,26446.49,C1134225239,586280.92,47408.84,1
468,CASH_IN,76127.58,sdv-pii-c1lna,7153737.43,1.532953966E7,sdv-pii-fje2e,209514.41,9094.67,1
289,CASH_OUT,19964.02,C1122759467,903232.57,3750314.54,C844136238,2075092.54,48031.35,1
50,CASH_OUT,44362.8,C489591770,1406049.29,3209228.72,C1275843932,1246681.69,1947139.6,1
43,PAYMENT,27766.98,C1552393283,41526.2,1021797.42,C133487295,51999.16,1630.88,0
87,PAYMENT,50556.69,C216127086,87026.65,180039.66,C751458453,148918.84,0.0,1
37,PAYMENT,3351.82,C2090655109,1497223.44,529067.81,M1696882201,20032.64,0.04,1
53,PAYMENT,232185.04,C913412391,11.53,85583.78,C2058033865,611986.89,1969.53,1
81,CASH_OUT,69656.61,C1811672828,1098545.77,6147746.95,C182711606,1141900.37,26312.59,0
83,CASH_OUT,54048.93,C1333614440,2135332.23,3576875.72,M1304988647,38246.09,0.0,0
307,PAYMENT,5629.29,C792532923,70087.72,41609.76,M650635112,534.42,0.0,0
256,PAYMENT,487475.64,sdv-pii-ocxn2,36719.39,1811.99,sdv-pii-oaxwj,1851922.28,7761462.63,0
97,PAYMENT,32422.61,C2139560237,2904.29,2903.77,M1639054645,306448.7,292309.26,0
430,CASH_OUT,371491.21,C2026385336,39.15,7.3,M1725152469,6526923.63,4.315426995E7,1
296,CASH_OUT,447239.77,sdv-pii-s9r4o,1636.14,15.05,sdv-pii-x3yqb,2405107.48,8094479.07,0
112,CASH_OUT,366467.76,C604087925,151.81,835966.13,C703344530,4293483.27,1.034303785E7,1
161,TRANSFER,90081.37,C2030659913,338335.99,608066.82,M1028306680,160095.8,22862.75,0
395,CASH_OUT,75115.61,C1559620537,420.94,602592.14,C641958081,480730.61,0.02,1
619,DEBIT,331630.73,sdv-pii-1yz9d,47796.41,112067.82,sdv-pii-qbeth,1449235.33,7255177.5,1
477,CASH_OUT,151441.15,C1394065444,4649804.64,3204497.77,M846465538,1162997.35,8034.9,1
170,CASH_OUT,61065.07,C2122769254,11010.55,1196.66,C826036444,1074893.26,1678.34,1
478,PAYMENT,258.3,C1926599393,363.71,234215.11,M211891418,6555.31,0.0,0
337,CASH_IN,235178.52,C74091269,1.232957856E7,8051345.82,C367833015,6604893.65,1661433.86,1
256,PAYMENT,4233.12,sdv-pii-c3t56,86.92,61681.39,sdv-pii-7trlw,1414430.82,70782.51,1
563,CASH_OUT,133073.97,C286408049,328718.0,157992.01,M212771391,638734.08,5.74,0
285,CASH_OUT,207686.3,sdv-pii-ljtls,517595.39,624446.24,sdv-pii-qsq1t,699478.93,3367450.17,1
55,TRANSFER,55833.49,C197155578,152010.42,149418.91,C1878339060,49471.29,33969.44,0
619,PAYMENT,33348.85,C1666826865,266.92,172161.8,C1687038678,652965.64,16498.46,0
408,CASH_OUT,11745.43,C263044070,796609.5,7336109.23,C667952862,1685344.28,66333.27,1
312,CASH_IN,207174.0,C1758362635,1792570.44,2953247.96,C464643821,7966101.1,4910628.79,1
137,PAYMENT,33246.3,sdv-pii-vn9kg,6610.38,68642.68,sdv-pii-rvzu5,1145485.09,57505.69,0
312,CASH_OUT,83088.99,sdv-pii-3u7qu,125306.88,3647522.65,sdv-pii-f2bss,1620473.3,216147.93,0
412,PAYMENT,6432.09,C310168458,60.77,34952.56,C662250462,49395.55,364.73,0
217,CASH_IN,907130.29,sdv-pii-viei4,460.65,12733.49,sdv-pii-0uhxq,7806591.41,2.176312894E7,0
161,CASH_OUT,229891.79,C1235818657,126820.75,177729.91,C2134771304,4119642.65,631424.86,1
94,PAYMENT,12076.71,C1708672718,99816.64,2432319.37,M1245040212,219.8,0.0,0
152,CASH_IN,111102.28,C380371034,754795.49,1749679.93,C304937488,2467345.98,539706.51,1
631,PAYMENT,141430.32,C1366152351,0.01,0.0,M1189153846,416024.78,18700.78,1
112,CASH_OUT,26666.29,C1591704936,938371.02,1728572.94,C186152573,475923.47,5804.03,0
580,CASH_OUT,531377.51,C1981039697,265873.78,54278.39,M91097259,125445.11,751110.52,1
97,PAYMENT,124187.23,C1778345100,0.03,1.48,C1285831305,222061.82,690599.94,0
232,CASH_IN,145232.32,C534755989,3111531.44,1842389.43,C820848450,2056695.97,86681.94,0
320,PAYMENT,627.69,C271150879,1353577.06,416141.98,M1822232938,132086.52,0.0,0
326,PAYMENT,929328.67,sdv-pii-37my7,1313556.81,38848.19,sdv-pii-5nk12,1157160.74,6810615.29,1
625,CASH_OUT,495044.56,C633381418,282915.6,76921.77,C1270892928,1634274.58,4840.01,1
207,TRANSFER,141918.25,C1629320141,24481.25,1466016.6,C1105893293,6679552.0,618118.59,0
375,PAYMENT,390273.32,C1358861344,39.98,254.02,C101061467,3004755.37,958249.11,0
190,CASH_IN,769165.34,sdv-pii-68i75,72776.33,441983.76,sdv-pii-2vn4k,488169.37,340809.25,0
141,CASH_IN,252809.4,sdv-pii-kaopb,3713681.51,1.040631746E7,sdv-pii-rh3jn,2312098.57,898485.41,1
346,CASH_OUT,102241.91,C2062760790,283767.9,164936.11,M543390793,1457620.35,767808.67,1
143,PAYMENT,156714.64,sdv-pii-tfq1z,3888.0,99622.27,sdv-pii-906ph,2733224.79,1833518.54,0
307,CASH_OUT,256687.24,sdv-pii-vt0vk,22.8,41.7,sdv-pii-1jyd6,2088945.77,2411353.38,0
460,TRANSFER,26.14,sdv-pii-jrb3r,8511.45,3219310.98,sdv-pii-sh269,7017.31,4.95,0
225,CASH_IN,275143.4,C1290077087,377141.24,1383302.16,C2001698465,1103144.77,3607364.51,1
68,CASH_OUT,230593.18,C1034534979,31149.78,870228.34,M535636453,1370488.06,3.518876665E7,1
298,CASH_IN,1643846.46,C79045927,209469.58,1468.45,M1672555630,4781361.04,1.461078416E7,1
370,DEBIT,52103.13,sdv-pii-nga9e,4543.53,210209.59,sdv-pii-ae1ds,2554575.35,268371.93,1
295,CASH_OUT,133089.72,C1204004677,323.21,23805.33,C682363638,1488457.75,1327156.44,1
128,CASH_IN,193771.16,C409510645,336705.78,1967667.24,C205662173,2212307.24,102297.53,0
346,CASH_OUT,14619.13,C282030508,2843634.38,889871.96,C106765839,709716.15,85.77,0
55,TRANSFER,87204.04,C1468563348,51351.95,773237.53,C2004450760,838023.54,42566.64,0
355,CASH_IN,65187.95,sdv-pii-ooe61,1792244.73,1.002699286E7,sdv-pii-2851x,1504847.83,449074.62,0
44,CASH_IN,826143.05,sdv-pii-n689s,867407.87,3286945.56,sdv-pii-vcpx8,2005636.91,426242.97,1
241,PAYMENT,9.39,sdv-pii-pf727,50166.91,1107736.73,sdv-pii-90wfx,26552.8,692.17,1
3,PAYMENT,25716.28,sdv-pii-b5ttf,576000.76,1985238.0,sdv-pii-jkx8j,1152499.86,6363.52,0
89,TRANSFER,133753.11,C946329840,112894.0,336576.77,M1822504687,1389908.41,190.67,0
310,CASH_OUT,89269.08,C1804831656,228.37,240177.07,M1030243564,830277.45,39.37,1
92,CASH_OUT,202175.66,C750750946,31456.4,112249.41,C1004803944,3319116.11,1160666.39,0
270,PAYMENT,35338.97,C217292762,150599.58,48267.41,M191751654,35357.5,0.0,0
172,CASH_IN,201466.99,C451912960,1013677.96,1772834.68,M685654690,2185670.84,766.61,0
398,PAYMENT,70987.32,sdv-pii-rfyax,3015.74,25846.04,sdv-pii-cajt4,154601.51,1205.28,1
204,CASH_IN,181903.3,C753813914,466275.21,376143.4,C65333453,1899929.49,336.09,1
189,CASH_IN,218361.41,C436497696,3183387.18,283992.89,C1324676221,6788555.32,1.090550473E7,0
377,CASH_IN,208795.17,C664348242,0.15,5625.48,C1494859130,684457.36,1521962.17,0
72,PAYMENT,30640.2,C785407621,4.1,3.58,C431166686,638335.62,6735.17,0
203,PAYMENT,202337.17,C6768543,135.64,47.47,M1271161402,384593.52,0.77,1
366,CASH_IN,199737.74,C2133808226,1083814.76,59111.16,C1254182776,4049882.73,2195990.86,1
149,CASH_OUT,132549.8,sdv-pii-rg2dh,3313008.62,7758449.72,sdv-pii-symne,12878.12,107.59,1
743,PAYMENT,24567.5,C122327491,207645.77,789036.38,M973748242,31107.32,0.0,1
14,CASH_OUT,182893.17,C1462662208,11507.56,389243.53,C987060415,215367.06,1115.55,0
568,CASH_IN,735058.58,C1399091804,4247218.08,1.343406377E7,C1047921734,9361155.25,2765485.85,1
112,CASH_OUT,211416.25,C1880313089,226677.18,344710.4,C1918315039,410658.83,0.1,1
314,CASH_OUT,104031.69,C155618695,8737235.48,5361884.81,M1694253084,666686.4,4033.16,1
240,PAYMENT,301.39,C359605037,1587841.52,355990.67,M1123795913,35732.73,0.0,1
301,PAYMENT,1798.18,C1377657400,1742679.59,9089122.59,M1324089225,169037.38,0.0,1
55,CASH_IN,16960.62,sdv-pii-n0vzq,1.907388433E7,1.700852051E7,sdv-pii-ftg3g,240348.98,17584.19,0
323,PAYMENT,116930.06,C439253254,55780.57,1388.25,M669220405,1019421.46,0.19,1
523,CASH_IN,10503.0,sdv-pii-f3ngd,836833.08,3622777.65,sdv-pii-v5wgw,792703.19,973443.74,1
97,CASH_OUT,30542.86,C405479452,241735.25,524265.66,M991981621,741032.76,1287566.28,1
86,CASH_OUT,10328.12,C886650917,519510.38,5732437.98,C840638312,2439876.18,53204.03,0
15,CASH_OUT,71490.28,C1430251794,14.28,18.22,C1040847151,1704469.24,149785.34,0
302,CASH_OUT,210112.52,C525767401,53.23,45467.44,M2093490717,2671070.77,31788.4,1
322,CASH_OUT,653920.48,C1726023422,2608630.27,437833.14,C1311412461,1232110.69,13890.7,0
232,CASH_OUT,3581.68,C832870832,1397403.04,724849.26,C562599300,49244.8,0.0,0
449,CASH_OUT,11854.96,sdv-pii-1i1qs,5576.94,6440.16,sdv-pii-viq94,234571.63,2467.24,0
151,TRANSFER,129813.11,C751564990,30793.64,94902.84,C858885501,3771055.51,236808.37,1
208,PAYMENT,19272.6,sdv-pii-ds25f,81.5,8993.59,sdv-pii-lh8jc,2118384.06,2036250.34,0
613,TRANSFER,1027.26,C1860386421,1148218.98,3823005.81,M486187315,895620.11,149447.13,0
279,PAYMENT,39565.13,sdv-pii-9ewe9,601429.49,1000703.22,sdv-pii-0m581,700742.32,10224.08,0
511,CASH_OUT,27703.73,C587501140,1423251.03,4828406.89,C80976913,5001465.28,1.909353962E7,0
679,CASH_OUT,43295.94,C316318627,118469.14,4299569.67,M1736389245,70182.33,1060.76,1
204,CASH_IN,262268.48,C1720307101,34263.45,800813.83,C1618985126,5673572.46,3178709.58,0
483,PAYMENT,5529.85,sdv-pii-z6ped,1083441.3,572785.03,sdv-pii-4rmi2,49307.37,247.59,1
153,CASH_OUT,300947.68,sdv-pii-tovqi,423911.72,3799770.64,sdv-pii-bfkfl,1188738.88,1056517.19,1
183,CASH_OUT,15189.12,C1343608779,2222076.1,7304953.2,C2021261355,2076684.21,2217511.37,0
505,CASH_IN,213296.45,sdv-pii-r7iou,59706.63,658.75,sdv-pii-y7bmc,2554943.26,4929013.68,1
314,PAYMENT,68130.11,sdv-pii-0abh7,4431525.81,133836.16,sdv-pii-qdhem,35614.39,4933.34,0
177,CASH_IN,300261.67,C1539087637,231762.18,274161.53,C182238390,1491676.93,1727.1,1
220,CASH_OUT,63792.77,C1029330796,73900.68,1226023.7,C525403501,350612.17,225.7,0
210,CASH_OUT,3704.61,C1478166222,23920.0,611817.37,C743889329,1913407.41,130.0,0
223,CASH_OUT,155373.9,C926327856,6366022.11,4766705.53,C296326444,188976.7,0.0,0
51,CASH_OUT,255.39,C850360923,2013148.84,1718636.03,M1032331339,36741.95,0.0,1
79,CASH_OUT,30855.87,sdv-pii-exjau,84290.62,142957.48,sdv-pii-5a2s9,164151.11,2701.88,0
126,CASH_OUT,575340.56,C822172702,28573.91,1480808.84,C1585247218,1218158.01,29.52,1
143,PAYMENT,144718.62,sdv-pii-wix2h,196.14,15439.85,sdv-pii-yozr0,721948.21,1867347.75,0
322,CASH_OUT,333248.17,C1939869041,58244.56,235747.41,C1226464335,6114039.5,2301159.04,0
106,PAYMENT,1178399.34,C650653134,0.1,2526.98,C2107847744,2516112.63,4807767.88,0
247,CASH_IN,115665.92,C2007454080,106725.62,811374.42,M411874651,2291388.02,3377784.16,0
235,TRANSFER,13959.06,sdv-pii-80rqc,610710.47,2266623.24,sdv-pii-919az,40562.87,9676.17,1
430,CASH_OUT,315091.0,C1195323014,122826.97,70036.13,M365827624,685171.94,41407.25,1
54,CASH_IN,84434.94,C1210511726,1268660.69,5303988.21,C1059492557,3395481.75,3628.05,1
97,CASH_OUT,166646.28,sdv-pii-6awor,4455249.59,8676870.2,sdv-pii-aa67l,138017.81,23723.6,0
55,PAYMENT,124585.83,C575044317,539401.31,66647.35,M652378653,205795.32,0.08,1
372,CASH_OUT,215551.28,C1831036025,1827593.03,826646.59,M1534551446,82966.35,102695.23,1
299,CASH_OUT,517.55,sdv-pii-sntom,239350.75,1103679.22,sdv-pii-h3tu5,272178.04,400.37,1
369,CASH_IN,46809.17,C1840156948,1026174.98,3209339.32,C322002216,7832274.37,1.748470788E7,1
726,PAYMENT,276989.36,C120091452,177.87,92.21,M1355969507,623126.67,6659.28,1
8,CASH_OUT,164102.35,sdv-pii-bncip,1351435.36,153858.13,sdv-pii-gd9o7,1076329.05,2948360.31,1
284,PAYMENT,184648.49,C537594771,102558.58,630526.37,C966717558,1354481.18,147558.69,1
5,CASH_OUT,441261.53,sdv-pii-zk9pz,4047461.76,413742.31,sdv-pii-lhf44,289130.82,811165.04,1
153,CASH_IN,583501.08,C1298832434,2504501.26,4273445.79,C531375838,458968.09,442084.46,0
22,PAYMENT,86944.71,C233414444,26381.15,23546.85,C1491466536,180601.26,10845.46,0
387,CASH_OUT,42069.3,C606257943,18148.46,419843.98,C1563109259,2488015.2,1561203.06,0
221,CASH_IN,73884.84,C1854607816,1104322.07,1457797.73,M2003968439,2993090.04,24151.51,1
116,PAYMENT,1181117.9,sdv-pii-wa7wk,1972.36,10064.99,sdv-pii-7f5vh,3056463.35,4449918.81,0
124,PAYMENT,43739.76,C1449531609,98082.34,723.66,M1659683004,1391789.24,2029.97,0
428,CASH_OUT,17872.14,sdv-pii-xbd5x,199775.39,455964.51,sdv-pii-gwgnz,780975.54,854452.41,0
527,CASH_OUT,15179.61,sdv-pii-ujb9p,1529594.06,1082392.12,sdv-pii-l0v46,223308.15,88615.36,1
356,CASH_OUT,54205.15,C907272927,2486452.43,11158.63,M1488606794,186845.87,11834.87,0
60,CASH_OUT,163145.94,C109505320,345782.42,29534.51,C1942639043,2299142.72,380941.36,1
192,CASH_OUT,489174.38,C1516609808,13879.38,8781.72,C2098843809,2154860.37,461371.55,0
216,CASH_IN,240437.66,sdv-pii-2kcy3,4436080.72,3897789.12,sdv-pii-c2oid,2207404.18,2041502.43,0
543,PAYMENT,97476.5,C2062418326,4305.86,916377.99,M875360622,896818.2,1386.39,1
209,PAYMENT,885.35,sdv-pii-nlhoe,756.01,823030.33,sdv-pii-7otgz,238812.61,6578.86,1
37,CASH_OUT,117314.6,C938638269,246897.85,120558.22,C1459692379,4800755.04,2425712.85,1
355,PAYMENT,10742.46,sdv-pii-pnl7x,1324161.83,236817.51,sdv-pii-kvla7,2111051.38,466844.28,0
302,PAYMENT,704620.63,sdv-pii-4b95d,3704554.31,81794.41,sdv-pii-8teq3,1104952.66,852611.56,1
106,PAYMENT,771774.17,C73318341,157772.02,222611.3,C448435929,3013498.42,1.187719412E7,0
134,CASH_OUT,26488.52,sdv-pii-rvl4q,38528.28,163788.73,sdv-pii-or72n,1416818.51,1069631.56,0
197,CASH_OUT,43324.24,sdv-pii-gem7t,4202.27,83395.67,sdv-pii-l6i7w,1992515.84,4634601.16,0
514,CASH_OUT,184772.72,sdv-pii-yype5,83562.95,11798.45,sdv-pii-pmqw3,1326967.27,3164206.03,1
342,CASH_OUT,391014.94,C667950091,2.75,65750.18,M255626707,1869085.51,7111405.16,0
232,PAYMENT,82158.8,C1445916979,194833.04,2187932.95,C14896850,2079178.34,2129.64,0
325,CASH_IN,765833.27,sdv-pii-vefr5,2923095.31,282149.34,sdv-pii-j6pr1,4390422.24,3.255678239E7,0
508,PAYMENT,49889.55,C1186245870,224844.04,82128.35,M1242409294,41323.55,16955.38,0
676,CASH_IN,931839.91,C1728502510,300938.08,215385.84,C1832668061,1.914113085E7,3.345089118E7,0
743,CASH_OUT,820372.08,C405212151,452.85,21.2,M278148177,3204254.86,3476195.09,0
128,CASH_OUT,4075.49,C1436095026,247208.43,125849.69,M1615746524,418518.75,432.03,1
43,CASH_IN,216519.88,C1679456798,9546657.44,2.018661529E7,C1556995360,5657965.65,1013922.0,0
84,TRANSFER,503813.78,sdv-pii-55dlw,175891.75,160672.39,sdv-pii-q04he,1549853.22,178653.77,0
542,PAYMENT,11116.52,sdv-pii-82mgk,711.94,0.04,sdv-pii-2vmh8,115921.68,187.6,1
554,CASH_OUT,13780.78,C1592334076,13853.3,35395.35,C1715623431,272310.47,10.29,1
545,DEBIT,849734.08,C1466921088,99.79,26.39,M1715664463,2498778.01,2079684.89,1
148,CASH_IN,145505.84,sdv-pii-3eb7b,8096599.51,9003638.57,sdv-pii-wjekr,2776103.62,2.587377633E7,1
95,CASH_IN,2523.3,sdv-pii-jkw2d,3154654.9,9156646.14,sdv-pii-f3qn3,3013793.87,828335.88,0
535,TRANSFER,85858.9,C1849092368,3982.91,45966.56,M36525574,196210.53,1.49,0
181,CASH_IN,10047.81,C1815665127,12587.75,445554.52,C1629416688,1506778.81,496.77,1
603,CASH_OUT,80903.66,C1383460325,24848.9,437478.43,C1950600150,1687265.28,195.31,1
50,PAYMENT,60714.5,sdv-pii-fz5cd,695232.37,2317877.35,sdv-pii-12g19,1730198.25,1125407.42,1
394,DEBIT,622440.51,sdv-pii-fwh2l,907852.45,379970.11,sdv-pii-1xrc2,992390.79,2607702.12,0
138,PAYMENT,1108.46,C582650663,1.4980542E7,6562680.6,C407391399,18638.65,0.0,0
401,CASH_OUT,265692.1,C1384853360,2721898.76,8194776.36,C730396928,1738811.12,1652313.8,1
135,TRANSFER,2114.35,sdv-pii-7kxhs,4358988.56,1.89391601E7,sdv-pii-ohlyk,1733248.54,20355.29,1
94,PAYMENT,94481.05,C1768591672,128446.27,1223842.32,C1807071649,775641.53,178799.42,0
538,TRANSFER,173348.29,C1148167686,530305.21,17951.46,M325604769,148733.17,7824.15,0
437,CASH_OUT,19095.82,C776098992,19625.16,919035.97,C140735841,79451.39,0.0,1
209,PAYMENT,175480.32,C1197952005,1115458.55,186854.18,M1512092230,310290.3,92.53,0
394,CASH_OUT,49618.71,C275901523,481480.02,1226352.25,C1450491637,654925.8,789.16,1
189,PAYMENT,179768.29,C1512859101,197000.61,1096285.06,C643653383,2081044.37,8706.9,0
354,PAYMENT,36082.67,C680066057,14.05,416308.85,C1725580210,305481.02,0.28,0
146,CASH_IN,99341.96,C2137284114,2849316.76,6228271.22,C1930889045,392714.46,7623.82,0
165,PAYMENT,201923.4,C128028177,496188.74,263749.08,M204893155,4512915.36,2.455494708E7,1
377,CASH_OUT,27843.24,C808828642,6433104.59,2483500.87,C117666218,1323139.47,22941.84,1
517,CASH_IN,29708.52,C653377880,85313.49,1147333.38,C795667037,3626614.62,1500184.46,1
264,PAYMENT,98101.8,C1739860132,1453588.76,4928575.95,C852611400,98363.1,51.48,0
377,PAYMENT,0.0,C1208302415,19880.65,2793350.35,M401243542,177296.61,0.0,0
299,TRANSFER,3539.38,C598555024,3318837.49,1.419922894E7,C1038009671,531596.82,0.78,1
137,CASH_IN,598169.99,C914529985,481613.61,3220302.77,C29012205,955630.11,7027.4,1
147,CASH_OUT,98287.8,sdv-pii-qqcoh,1337.02,9091.85,sdv-pii-9od93,66627.02,71940.57,0
186,CASH_OUT,271776.32,sdv-pii-895r8,2378886.4,2558358.31,sdv-pii-u1ycu,813617.85,94964.02,0
199,CASH_OUT,240.12,sdv-pii-nxpi0,8050573.09,1.142815905E7,sdv-pii-p6w7s,342783.62,325.17,1
13,PAYMENT,160186.4,C1180693973,47.5,169.88,C1169824058,1279384.66,3259.04,0
119,TRANSFER,120229.29,C780985452,1803893.88,9791217.08,C1706581662,353747.6,0.0,1
332,PAYMENT,758856.61,C513693974,360415.97,64.63,C979835086,64137.57,14075.4,0
69,PAYMENT,77271.81,sdv-pii-xhq2c,191654.55,5021.76,sdv-pii-mfsvu,217802.14,142287.69,0
305,CASH_IN,164498.98,C1418115543,1025477.08,1639879.27,C48568642,2457318.14,1901181.77,1
267,TRANSFER,318010.24,sdv-pii-mjgvh,90.95,6985.09,sdv-pii-1ncxu,4538100.7,1.376823847E7,0
386,CASH_IN,84789.55,C713817412,7154924.6,1.072350297E7,M986477434,1793578.82,1.92,0
271,CASH_OUT,51374.41,sdv-pii-wicj1,90359.28,133020.41,sdv-pii-5f7vt,4065451.59,1.539012813E7,1
159,CASH_OUT,29452.33,sdv-pii-8sujv,208897.85,627719.73,sdv-pii-qvcps,198568.32,25.5,0
168,CASH_OUT,336180.91,sdv-pii-yix11,1177670.36,112313.3,sdv-pii-n8qp8,5372868.01,1.983683616E7,0
502,CASH_OUT,5044.27,sdv-pii-tcgh9,2185.32,62817.49,sdv-pii-hnhtb,809634.79,58565.37,1
158,PAYMENT,196332.1,C1277972254,51527.93,6076.9,M495208855,1012433.33,299.39,1
224,CASH_OUT,6993.53,C1758260935,3853812.32,3177899.34,M1760866124,8897.49,0.0,0
473,PAYMENT,20007.33,C1368597150,2011279.96,420819.01,C655787563,21336.87,9.34,0
69,CASH_OUT,2408.05,sdv-pii-e2in3,1668071.82,5885202.13,sdv-pii-5473c,4516454.94,1269442.95,0
290,CASH_IN,576835.69,sdv-pii-f1osk,2635901.98,393417.98,sdv-pii-brl4b,6030304.24,3.088871037E7,1
245,PAYMENT,127954.21,C1295661402,192557.1,164463.7,C2141908191,580263.59,10.88,0
438,PAYMENT,184762.06,C1767567049,1480625.27,2043474.15,M716887765,101320.83,0.01,0
109,CASH_IN,685602.29,C1099565467,2504972.13,1544388.78,C1730034644,1.2779588E7,1.046331224E7,1
132,CASH_IN,141493.12,C349541874,4755526.68,339759.94,C1193714452,786205.47,3523072.28,0
171,TRANSFER,50956.81,C1609789193,485282.96,548606.91,C1666995125,948838.8,0.0,1
277,PAYMENT,9439.98,sdv-pii-8lxxi,27372.06,65733.71,sdv-pii-jku7t,508989.84,44963.92,0
99,CASH_IN,2005879.93,C1328807787,52886.98,23455.97,C734817865,7713855.6,3.630799658E7,1
444,CASH_OUT,66484.16,C604870870,75100.37,15281.01,C909414114,5350935.61,6327669.7,1
311,PAYMENT,26532.83,C1061775725,592443.96,36949.11,M523038914,1163.87,0.0,1
266,CASH_OUT,23196.75,C1622434141,8663.96,26675.61,C1194701524,6582569.55,2995936.44,0
180,CASH_OUT,9437.83,C1632167565,6164915.56,9615967.54,M1900224136,35038.37,0.0,1
436,CASH_OUT,103245.62,C229590781,3526689.84,1.392203969E7,M1801656150,1127400.46,19.27,0
270,CASH_OUT,81778.06,C32558037,8584421.85,4924009.68,C334840085,269011.29,9.91,0
104,PAYMENT,544287.18,C704513809,538051.54,8582.02,C48280304,586202.2,13418.23,1
454,PAYMENT,176354.54,C1887636282,1205695.9,2856611.03,C1450637696,6244623.88,361030.34,0
34,CASH_IN,339934.5,C1948036444,2825957.76,5297689.98,M1470295029,1212399.4,821859.05,0
15,PAYMENT,202239.13,sdv-pii-2n7pf,3565.11,200529.44,sdv-pii-kcutd,534553.86,88658.68,0
110,TRANSFER,199155.59,C1565789362,69.41,5483.83,M1220844879,155321.51,31754.06,0
224,TRANSFER,245224.66,C882487689,53714.14,23336.55,C506523217,1549318.39,4045977.71,0
134,CASH_IN,304799.69,C1205960674,1072294.4,1965000.4,C416933613,1120123.09,427164.64,1
196,TRANSFER,758911.49,C1098549111,6813.93,6.12,M976787899,1146624.17,8117384.94,1
128,PAYMENT,19962.74,C510060463,183.15,81792.31,C154271120,64951.1,0.0,1
743,PAYMENT,1127.04,C1415778804,37.73,172061.54,M1546083127,81.03,0.0,0
157,CASH_OUT,2316.86,C1299797897,263355.07,7602808.74,M1174081043,106334.88,0.0,0
296,PAYMENT,2434.37,C115904671,11788.94,2559073.32,C1339584895,2306452.27,4582980.14,1
50,PAYMENT,58064.06,C1913707857,11.91,158.34,C468220300,368120.67,3.44,0
319,PAYMENT,132548.14,C1878231028,1277.84,323.8,M1975489719,147581.43,0.0,0
38,CASH_IN,396432.01,C1577376739,79552.23,36972.67,C467842451,1148754.6,231769.72,1
421,CASH_OUT,20093.54,C466904526,254256.33,15640.29,C1814701850,76804.15,7.33,0
169,CASH_OUT,271496.37,C606840941,7963.17,1495006.15,C2127140214,531836.54,15.05,1
492,CASH_OUT,169341.04,C1890064882,746996.05,52283.16,C420458004,520083.74,6.11,0
257,CASH_OUT,235042.22,C924829575,1202041.07,423061.02,C595698121,3599344.44,1098364.6,0
187,CASH_OUT,113473.6,C1496354848,87626.57,1091077.68,C795981196,2427483.37,2301837.58,0
259,CASH_IN,32700.06,sdv-pii-2sbh9,1440.3,1180243.89,sdv-pii-w09eh,604075.71,23405.38,1
431,PAYMENT,1202.04,C1966424221,296346.53,36080.61,M94792296,65699.84,0.0,0
388,CASH_OUT,37426.93,C701449134,1150590.24,1116788.99,M1946610665,990294.2,23.44,1
62,PAYMENT,242.61,sdv-pii-g3yxe,372.45,31448.34,sdv-pii-krezt,429808.76,27767.69,0
213,CASH_OUT,208158.27,sdv-pii-clha7,646965.43,2099688.78,sdv-pii-upk88,2916831.48,8059259.72,0
16,CASH_IN,301363.98,sdv-pii-7bg7u,241539.04,9171438.41,sdv-pii-wzo8y,2648505.5,518947.86,1
501,PAYMENT,20997.38,C1697530065,323804.93,467188.63,C1919555622,10979.73,0.0,0
43,CASH_OUT,9733.66,sdv-pii-2dv22,3569970.69,880667.54,sdv-pii-5o7iw,471189.73,3943.82,0
354,TRANSFER,13396.14,C955110459,6720542.1,3242139.48,C18004144,486135.43,91.98,0
239,PAYMENT,9588.52,C1409404706,970885.92,165787.5,M689596969,59.08,0.0,1
650,CASH_OUT,562823.93,sdv-pii-7rqnv,1499696.02,2151696.37,sdv-pii-6a9wt,2480003.08,279745.21,1
11,CASH_OUT,35510.1,C788515243,210232.07,42836.73,C471600119,1510711.11,3670.33,1
38,CASH_IN,457123.85,C2128725193,202392.15,1024635.07,C1975607158,8025692.06,2.094724575E7,1
232,PAYMENT,2955.32,C582751388,504618.58,3686618.03,C215997522,98910.98,0.0,1
178,DEBIT,434500.84,C300542717,449421.43,600865.68,C557581957,538232.12,84034.69,1
260,CASH_OUT,236634.04,C944008930,2031226.02,998162.24,C1217711589,722927.38,462931.08,1
69,CASH_IN,174050.54,C307611756,35424.59,2386687.44,C862820196,8636358.01,8606894.45,0
186,PAYMENT,123055.35,C590509364,886.61,242.56,M1375577796,98609.55,0.0,1
79,CASH_IN,212416.01,sdv-pii-73abe,99919.67,4240514.8,sdv-pii-h7lvg,2132689.44,4892272.1,0
330,PAYMENT,106012.07,C1569620474,1659876.72,1744930.03,C1520583096,496047.14,16322.81,0
344,PAYMENT,17348.9,C1197819944,118854.21,260727.85,C1539994594,6563.48,0.0,0
207,PAYMENT,21499.23,sdv-pii-hfs2q,597.6,2.46,sdv-pii-4sghj,78719.7,4572.58,0
214,PAYMENT,4124.32,C2126414155,837463.81,721143.15,M2085904632,18469.44,0.0,1
72,PAYMENT,163790.36,C1470271774,99973.46,273749.82,C803656896,2594234.5,830282.54,0
113,PAYMENT,50329.15,C1685829897,57.4,15704.15,M427154055,55926.96,3.38,1
655,PAYMENT,13211.69,C50887936,1009106.67,307554.14,M1254427625,9478.65,0.88,0
148,PAYMENT,23090.17,C244197889,319074.7,2704289.75,C1529233820,1200998.24,51.47,0
65,CASH_OUT,44483.52,C818571967,4171828.76,4449674.26,C1664903854,1214080.73,1.073673662E7,1
391,CASH_OUT,135629.93,sdv-pii-pedwz,48690.91,868638.62,sdv-pii-wiog8,553147.57,284974.3,1
87,PAYMENT,52842.96,C580947745,973950.84,677823.41,C2081338387,478094.45,39485.1,1
292,CASH_IN,567953.96,sdv-pii-yg4pf,1063410.04,1278898.13,sdv-pii-d0qic,1322654.15,1195831.0,0
213,CASH_IN,88149.93,C716280102,3988819.84,1881048.96,C981826467,3657705.27,3.412556643E7,0
160,CASH_OUT,122863.53,C2107292174,2703400.53,325022.12,C511834401,91718.09,4071.63,1
200,PAYMENT,1379.62,C1255941470,2826434.39,5190096.24,M2094062895,5228.22,3.14,0
386,CASH_OUT,18712.68,C651902172,3328115.23,3924181.4,C1443902794,661095.54,390289.51,0
148,CASH_OUT,411216.3,sdv-pii-9zeqy,12813.92,513790.31,sdv-pii-x3h0y,542507.71,554622.07,0
408,CASH_OUT,31394.83,C1433689248,935715.37,258387.41,C1833553321,59675.85,1642.3,0
228,CASH_OUT,235232.93,C1761533568,5.53,75.12,C208042501,3105375.86,840217.33,0
246,CASH_OUT,60228.43,C632780091,226582.47,287967.81,M906078627,1736234.1,32738.49,0
318,CASH_OUT,7315.32,C1661354034,24941.64,343422.63,C2081398415,1878640.98,91614.86,0
349,PAYMENT,18001.07,C358071291,19494.77,65297.75,M245017612,53778.74,0.0,1
543,CASH_OUT,16692.66,C1733189205,3844397.05,6893980.33,M752056650,103415.47,187.82,1
80,PAYMENT,27597.6,C1107542894,1072.29,323983.96,M1426086546,431217.07,0.0,0
743,CASH_OUT,372610.98,C372577265,74073.61,178316.66,C431498547,3742760.49,1.334506856E7,0
252,PAYMENT,46217.14,C682728975,698727.07,540892.47,C1753125458,1039572.82,60607.11,1
172,PAYMENT,303338.08,sdv-pii-fub7f,0.98,59.48,sdv-pii-y4oiz,201426.9,421343.07,1
289,TRANSFER,317720.16,C2086609614,35743.39,113970.31,M944749279,946550.32,19093.54,0
287,CASH_IN,231250.35,sdv-pii-nzlk9,3350458.39,5492261.68,sdv-pii-puor0,213777.41,233.44,0
340,PAYMENT,8705.46,C997450403,49762.42,1700797.41,C281947249,1513077.33,38.28,1
79,CASH_OUT,275643.33,C445399600,475750.73,598434.37,M679701025,5413580.66,1.860067629E7,1
136,PAYMENT,284512.54,C1690744417,483935.32,16347.51,C852025781,232512.55,0.05,0
57,CASH_OUT,7880.42,C1044244903,353348.88,492029.75,M1946863554,1178188.86,18370.83,0
428,CASH_IN,379832.83,C637693386,5030081.83,9097222.45,C138704991,1590824.24,1283235.67,1
326,PAYMENT,5300.36,C1100332040,7.52,3662.7,M1599116101,124408.55,0.0,1
250,CASH_IN,313107.6,C1317605608,364849.96,2692387.23,C708841890,147200.84,0.05,1
88,CASH_OUT,215.84,sdv-pii-7ggoo,2120341.24,2020306.29,sdv-pii-imll4,3624.07,0.0,0
110,CASH_IN,32429.16,sdv-pii-idi0h,6078315.49,1.021645636E7,sdv-pii-so49h,288163.69,20749.68,1
276,PAYMENT,2540.11,C278506097,1338941.46,666618.77,M228289907,40684.97,0.01,1
374,CASH_OUT,15250.91,sdv-pii-f5did,3462.93,71.7,sdv-pii-axn4q,4799085.44,1.819657833E7,0
136,CASH_OUT,50881.32,sdv-pii-plmkh,90529.62,147007.01,sdv-pii-0mphs,155520.48,2910233.59,0
99,TRANSFER,176874.84,C1013409565,114298.0,515368.28,M371144704,7026522.57,4750409.37,0
218,CASH_OUT,93247.69,C1239861112,8429570.85,4302412.95,M1808931210,578670.43,6416.39,1
477,PAYMENT,7002.02,C936162363,231009.44,2504786.36,M241140472,1569592.78,120043.39,0
264,CASH_OUT,6102.76,C448043490,128635.27,3470551.96,M1908058564,24648.3,0.01,1
141,PAYMENT,136018.38,sdv-pii-98fy3,463732.16,502294.64,sdv-pii-3g5i1,21717.99,420.57,1
287,PAYMENT,295.1,C954681309,8754.3,1372126.61,C1922296675,1158124.26,0.0,1
427,CASH_OUT,175204.27,sdv-pii-k5gq6,1475790.28,1031145.69,sdv-pii-tve44,1237690.5,3409312.55,0
743,CASH_OUT,475216.62,C1144965219,10203.5,407.84,M241614929,1309201.21,336366.58,0
143,PAYMENT,8985.17,C1797691529,4943613.33,5672921.05,C1848843649,290.79,0.0,1
93,CASH_IN,190165.69,C327495558,347065.03,1972150.44,M1686408614,4369927.13,914494.11,1
243,CASH_IN,65197.56,C945648726,2036102.93,7883090.29,C1055189672,885116.28,300096.66,0
146,CASH_IN,164988.15,sdv-pii-cikho,138033.12,464828.46,sdv-pii-rmfg2,1436562.83,294209.77,1
252,CASH_IN,25350.8,C1754758332,5852.84,1720539.5,C1970368420,1.038528329E7,1.180661834E7,0
136,CASH_OUT,33000.09,C1110503186,42851.48,546282.41,C727254752,88934.29,0.0,0
347,TRANSFER,134946.68,C1707115226,727388.38,2330083.32,C1228345081,373035.59,0.07,1
185,PAYMENT,2730.86,sdv-pii-3bac5,0.4,252113.66,sdv-pii-ca6kc,16674.57,0.0,0
632,CASH_OUT,171160.07,sdv-pii-24gnv,3826.79,1134.94,sdv-pii-zgm2k,1906553.38,1.150281419E7,1
461,CASH_IN,85652.68,C1319803879,283865.74,3671589.92,C107715234,1969340.58,145721.19,0
56,CASH_IN,237081.16,C937486951,20674.03,40907.88,C1570560183,2999434.34,2574144.97,1
60,CASH_IN,89347.72,C1915866775,32091.78,1127604.78,C1811787479,3480722.98,307010.72,0
379,PAYMENT,1940.22,C1193815332,5927.82,12578.17,C759586339,71391.46,0.0,0
245,PAYMENT,3834.9,C1771106602,140090.61,552205.33,M9482100,10162.72,46.75,0
267,PAYMENT,549980.79,sdv-pii-q6fdm,9.28,1281.0,sdv-pii-dygvq,2058685.28,452714.48,1
308,CASH_IN,469768.75,C479037599,600733.75,4494775.58,C473266052,9377042.43,4.365460014E7,1
222,PAYMENT,1303547.45,sdv-pii-luorv,2945.11,45180.52,sdv-pii-hdjkl,3699513.65,1.033758009E7,0
480,CASH_OUT,73726.64,sdv-pii-rpx11,2162511.03,648966.03,sdv-pii-rqcyf,147504.18,211840.22,1
60,CASH_OUT,179376.84,C65883711,4378545.74,1697952.12,C1913639428,211160.6,2022.61,0
194,PAYMENT,2019.64,C409437211,1159570.32,2610722.85,C787182258,939.52,0.05,1
61,PAYMENT,86423.04,C228164907,0.01,0.02,C1622613255,2864747.18,494368.25,0
218,CASH_IN,391668.25,C833857993,183.66,167452.73,C645820844,3400912.4,7599986.94,0
426,PAYMENT,3365.25,C358721199,402.53,2163007.9,C1136976267,569088.0,109.49,1
188,PAYMENT,481195.51,C1931812195,24.26,1251.69,M1151123528,1241075.26,179.34,0
466,CASH_OUT,74989.33,sdv-pii-xyh66,134574.65,14987.49,sdv-pii-voq5n,185104.08,190481.16,1
460,CASH_IN,398289.12,C1536020405,1068574.74,383021.13,M850874115,294812.36,233935.81,1
89,PAYMENT,24944.84,sdv-pii-q401t,1688.34,219990.96,sdv-pii-x8et2,1368824.03,810156.49,0
449,DEBIT,51415.98,C1100181014,3057155.09,117975.34,M165457919,2272393.42,4.416284775E7,0
151,TRANSFER,98642.01,C1073339393,7822413.67,7405317.21,C1254975468,242224.35,23.46,0
251,CASH_OUT,34504.76,sdv-pii-sor2c,493.65,415902.63,sdv-pii-2uyby,1205335.65,8389.97,1
295,PAYMENT,10603.85,C110297835,2878247.6,5317097.09,M2113490309,253858.16,0.01,1
258,PAYMENT,22742.5,C1774524511,932487.13,56145.21,C1756341975,362225.02,76418.74,1
41,CASH_OUT,702803.53,C407273399,84116.0,34302.9,C1531514206,4619436.65,8.197621157E7,0
502,PAYMENT,90881.59,C2202157,498985.11,4474383.3,C465359671,119275.05,0.4,1
291,PAYMENT,13035.85,sdv-pii-vl2ro,18089.95,896434.16,sdv-pii-48m5d,40819.5,0.47,1
163,PAYMENT,30357.06,C1281038051,550770.97,94401.22,M906259340,2437627.03,442137.15,1
226,PAYMENT,17013.86,C618924206,319.55,10985.84,M463808565,958911.4,0.03,1
73,PAYMENT,2882.49,C1939745153,18061.28,23590.5,M1580529486,122516.28,365.03,1
425,CASH_OUT,400882.65,sdv-pii-ut4zw,59372.59,61459.35,sdv-pii-owgp1,940944.99,2864877.3,1
140,CASH_OUT,39222.39,sdv-pii-bvnf1,106324.81,1127.23,sdv-pii-xhamp,39229.03,1569.88,0
58,PAYMENT,49350.12,C752891209,0.05,689.84,M477124511,2101221.93,210.25,0
500,CASH_OUT,139105.32,C1198910983,7447548.39,1.7523801E7,C1410260016,2204411.87,7693252.89,0
247,CASH_OUT,10103.06,C2120753304,47030.79,7098.46,C1190958144,40581.75,0.16,0
349,CASH_OUT,64192.07,C1947464414,36.82,2202.18,M157139056,4428762.97,1843744.03,1
36,CASH_OUT,27422.95,C11555184,1503336.13,5042636.64,C1328991385,2954555.18,759472.92,0
270,CASH_OUT,71583.32,C1034578564,15432.92,104585.98,M1461633072,1110430.4,14202.05,1
79,PAYMENT,224757.38,C2108792952,49609.56,386169.82,C814301429,261400.06,1189507.1,1
595,TRANSFER,266124.56,C1756431300,15878.41,52451.44,M320079394,1877925.79,2.63,1
81,CASH_OUT,209865.4,C225965391,177294.86,22266.19,C1081989118,2763547.41,1173772.77,0
39,CASH_OUT,42999.8,sdv-pii-k75k3,4519080.57,4790445.78,sdv-pii-xca08,3284180.16,4905276.81,0
509,CASH_IN,178751.37,C2105844756,2577154.77,1381488.79,M1520751098,2964012.18,5542482.49,1
99,CASH_OUT,228038.14,C1870497795,23989.05,3101.24,M430155780,1700820.71,1.436580748E7,1
247,CASH_OUT,225436.95,C1658933639,486141.71,23195.82,C1058433435,2752625.36,4786540.5,1
197,CASH_IN,84221.0,sdv-pii-itksh,4.37,2222504.28,sdv-pii-shkcb,2846513.01,5123515.34,1
301,CASH_OUT,197231.61,C1139896991,5208764.79,1941431.7,C275108098,2180788.81,311914.05,0
119,CASH_IN,303002.31,C95981493,1934528.7,6392960.45,C988404423,2325322.91,246622.96,1
170,CASH_IN,262092.58,C1222158469,2491742.5,1358849.25,M999730978,1425522.59,2214378.38,0
109,CASH_OUT,1082900.59,sdv-pii-4pdub,92532.35,287261.33,sdv-pii-ynp18,7368847.51,6.98367222E7,0
311,CASH_OUT,122071.23,C439772135,38972.51,47751.85,C1739395915,1466027.14,109034.37,1
213,PAYMENT,168769.73,C2134742295,508.12,29255.26,C776248509,43307.71,0.0,1
317,CASH_OUT,160416.63,sdv-pii-eka5o,7051237.29,1513273.62,sdv-pii-92cza,430606.91,65573.26,1
26,CASH_OUT,10454.27,C1525941044,1.05561596E7,8104965.88,C1449568608,209379.09,0.01,1
200,CASH_OUT,250535.96,C1145594507,214460.19,357819.41,C2127741470,3636347.9,638893.49,1
224,CASH_OUT,35424.74,C2017757080,2403657.67,2300067.32,M2012069977,301645.43,149226.59,0
219,PAYMENT,220682.75,sdv-pii-sex1j,311907.72,25056.42,sdv-pii-brfdy,1520000.67,307052.87,0
128,PAYMENT,124954.94,C270747931,2265.02,5386.24,M1428417335,344478.9,0.58,0
43,CASH_OUT,471213.14,C568177704,292.04,60454.57,M191900241,1442778.56,33045.61,0
140,PAYMENT,110814.87,C1917715944,49.36,63.6,M386372285,472896.47,138502.63,1
333,CASH_OUT,162519.28,C342889571,1461587.81,708453.77,M696462338,759690.36,53463.72,1
104,PAYMENT,137490.83,C796231390,1440986.67,3547440.67,C565608291,59708.24,0.0,1
506,CASH_IN,10536.43,C456462996,1066775.52,6144821.18,C466435082,266332.41,0.29,0
159,CASH_OUT,6463.95,C1446848842,1565057.59,367612.1,C2024163164,397332.58,0.75,0
124,CASH_OUT,192007.48,sdv-pii-3b9tw,48814.88,160650.99,sdv-pii-nc6to,1876341.85,728850.51,0
93,PAYMENT,329506.97,sdv-pii-96vh5,18856.03,84823.62,sdv-pii-97qvm,2438647.27,8221104.25,1
7,PAYMENT,51573.2,sdv-pii-wrtz5,1961735.53,1085845.71,sdv-pii-r4w11,1710434.02,785673.27,0
350,CASH_OUT,36213.64,sdv-pii-prlsf,406971.12,4883234.94,sdv-pii-zg43z,1207492.97,54406.31,1
431,CASH_OUT,293623.64,sdv-pii-3p2yi,9643868.65,6962953.4,sdv-pii-dt1pi,734128.04,921084.5,0
609,CASH_OUT,210350.84,C2056124060,112125.66,1102150.22,M1119533418,430866.22,3.33,0
571,PAYMENT,36150.91,sdv-pii-p52z3,911824.88,337166.96,sdv-pii-gz69l,279870.43,152385.62,1
291,CASH_OUT,938484.61,C1728538458,70891.89,172654.78,C2050522749,4875375.19,1.797951454E7,0
230,TRANSFER,125559.41,sdv-pii-frcaz,537194.05,243216.84,sdv-pii-u5m4m,3798019.2,9383917.81,1
286,TRANSFER,27679.16,C2097043168,1350687.08,2416564.87,C852987064,1831732.7,4.85,1
347,CASH_OUT,118001.5,sdv-pii-jkop6,154517.66,223962.26,sdv-pii-h6ql8,1205371.25,487233.59,0
264,CASH_OUT,90594.93,C53749098,1060817.13,73920.12,M2144167168,2931544.02,1920883.68,0
253,CASH_OUT,13102.61,sdv-pii-ef07b,179664.71,8872.82,sdv-pii-hc7vv,91605.87,153588.97,0
188,PAYMENT,218.71,sdv-pii-0g6dk,2820.79,3119.13,sdv-pii-m3uby,1211224.55,49974.69,1
154,CASH_OUT,288234.09,C1868900006,4923892.65,660870.03,C1358022837,958219.37,614.27,0
295,CASH_IN,37073.3,C509512058,5152279.29,1.329403546E7,C1662116861,2326872.11,3885625.23,1
126,CASH_OUT,545.28,sdv-pii-dmkqd,2258822.26,2802802.33,sdv-pii-5rufb,1179503.04,19925.06,1
118,CASH_IN,8423.03,sdv-pii-s4oof,1029908.03,427469.07,sdv-pii-gbpjc,2006403.91,447116.7,0
279,CASH_OUT,116684.93,sdv-pii-oxbzd,4795218.61,1976634.34,sdv-pii-eg2k5,2567220.51,767601.85,0
90,CASH_IN,1085908.43,C1839392969,3182.29,1193.68,M250748005,3764491.08,1.203777241E7,1
205,CASH_OUT,128838.34,C1202481450,877513.66,145091.93,M1415574871,1120064.0,153.2,0
5,CASH_OUT,4738.15,sdv-pii-1ol1p,6917413.62,1.330843638E7,sdv-pii-fziqt,1124038.8,282.54,1
111,CASH_IN,424149.6,C1999342886,1824327.72,442806.95,C256531377,695508.52,440355.3,0
11,PAYMENT,21211.59,sdv-pii-902oa,5476086.58,8088748.06,sdv-pii-ueum5,180932.9,14372.97,1
351,CASH_IN,233584.55,C1841466327,418.31,16530.66,M1738931692,1.203202105E7,1.62777189E7,1
131,PAYMENT,151869.32,C586718341,5.31,18.14,M1684932963,9046.69,0.0,1
134,CASH_OUT,130114.19,sdv-pii-2wyxi,532153.65,3677721.62,sdv-pii-tlgnu,5604896.36,2.704445793E7,0
268,TRANSFER,71685.15,C1803262317,108494.12,5016134.08,M1037066003,305606.88,27.75,1
61,CASH_IN,92478.0,C1873871115,153490.1,43956.15,M1163306477,213488.58,4774.34,1
304,CASH_OUT,15265.78,C1812124687,115667.18,62318.5,M1305898645,3261556.74,1804627.11,1
253,CASH_OUT,6214.54,sdv-pii-pj1cc,960705.66,53008.14,sdv-pii-0h26z,76773.4,100250.57,1
227,CASH_OUT,172738.58,C592151782,235884.02,99005.43,C1419143307,520449.13,469741.21,0
198,CASH_IN,236540.11,C322709236,5437116.41,1.46675473E7,C1672546470,3221940.28,96171.14,1
294,CASH_OUT,24647.95,C1894563526,216324.38,1112435.63,M1924427911,127024.97,180.49,0
206,CASH_OUT,36076.42,C1162370257,6789191.47,1.872455848E7,C123308809,1508699.99,5517.97,0
223,CASH_IN,316792.44,C17718191,12333.1,114588.21,C850665002,1224089.63,237418.39,0
576,CASH_IN,598393.97,C1924638243,140733.9,75999.47,C1288721222,1273238.43,1.012222022E7,1
430,CASH_OUT,125328.84,C1573205537,2702350.55,903927.26,M1655297322,956550.86,1475.04,0
178,CASH_OUT,37093.24,C1121940937,866.24,2317149.26,M1808097745,647580.65,0.0,0
326,TRANSFER,101477.07,C278030000,437.84,2276457.6,M1226602711,368666.18,12.76,1
291,PAYMENT,17514.32,C471271177,309.1,32117.39,C1162369075,653347.48,317531.57,1
28,PAYMENT,162651.97,C1157833675,912.33,122.14,C1634078764,1478629.09,66122.91,1
133,PAYMENT,97970.2,C818848807,221.73,13.42,C1424505857,797890.63,564.55,0
159,PAYMENT,200135.9,C1940917896,15114.86,75124.39,M906175046,3382563.38,9929407.65,0
69,PAYMENT,88266.03,sdv-pii-z31vz,1721042.9,1612344.32,sdv-pii-on018,882778.27,6779698.02,1
21,CASH_OUT,316313.95,C1214235215,766366.12,50986.14,C323287038,5096217.78,1.963690997E7,0
3,PAYMENT,9109.96,C1282295280,74275.32,3945.16,M108190713,1033667.45,3811.9,0
194,CASH_IN,435847.6,C2003646225,1438.56,1686.72,C430252933,2663790.88,1.889012831E7,0
218,CASH_OUT,92356.09,C1017478580,8395631.03,4322371.6,C2092342647,570707.33,1056946.96,1
291,PAYMENT,13963.7,C1977655171,1252.84,21449.41,M1266850118,25883.63,3.32,0
444,PAYMENT,17175.57,C1638146359,28001.34,1382.02,C2093393530,4521572.18,290627.49,0
13,PAYMENT,137565.06,C461391150,61856.55,117886.68,C1480942174,388146.44,7901.71,1
481,PAYMENT,414884.97,sdv-pii-dr66o,188665.81,11336.46,sdv-pii-g51fo,326194.14,39752.04,1
82,CASH_OUT,561423.97,C1380950883,878317.22,642942.65,C1088616577,4710168.44,2174629.46,0
224,CASH_OUT,485.31,C1905546158,2704766.31,3609360.69,C535688785,3332715.86,20903.35,1
115,CASH_IN,898771.48,C2124371485,558.06,30575.33,M1885927768,4018992.75,1474662.61,1
10,CASH_OUT,507.05,C1209745930,7311.82,85000.07,C964263977,284724.29,813.34,1
263,PAYMENT,55.82,sdv-pii-vgt0s,1682947.47,4331778.88,sdv-pii-o6hw0,92338.41,3.76,0
153,CASH_IN,413915.16,C1269009497,489280.48,276895.13,C978481208,6087967.45,2.939618741E7,1
153,CASH_OUT,84974.4,C1207206261,2.32,26361.13,C2145307120,1122236.94,12.0,0
221,CASH_IN,200112.83,C1391832733,3478860.84,2171115.07,C483412701,991808.78,4847176.59,0
141,PAYMENT,15891.89,C676214111,104214.11,16440.99,M1262092031,353910.68,25.11,1
62,PAYMENT,31138.91,sdv-pii-p73gd,23958.08,102943.36,sdv-pii-sg6bs,120496.76,12.6,0
222,CASH_IN,10104.04,C1575014447,1.212489868E7,6663020.65,C41028788,595308.86,94500.81,0
334,CASH_OUT,202484.47,C1566899245,1.155256655E7,9902598.1,M867605731,553104.0,43.02,1
125,PAYMENT,113078.03,C1353445890,82.02,45468.77,C1998261108,2112169.75,637084.94,1
72,CASH_OUT,369899.12,C124056356,471972.5,1339739.21,M470766172,525746.54,1882021.92,0
41,CASH_IN,1186232.78,C1981961312,1.162384257E7,5118250.94,M618350,3024345.43,1993028.64,1
239,CASH_IN,196.73,C1734507943,1.435285176E7,1.907999969E7,C46744351,333639.01,0.26,0
259,CASH_OUT,707141.17,C1803995281,2058.63,26731.26,C408372471,1.16039291E7,1.734115985E7,1
233,PAYMENT,18333.72,sdv-pii-hyl6z,747269.16,374268.57,sdv-pii-3ib60,1390923.96,1.608148962E7,0
495,TRANSFER,7353.63,sdv-pii-rm2ke,100.38,155151.83,sdv-pii-lpksc,747946.45,17701.9,1
286,CASH_OUT,11878.02,C227273479,1172867.31,1161241.52,M34680594,274908.37,282247.78,0
96,PAYMENT,97286.21,sdv-pii-v4riw,29.37,3251.07,sdv-pii-2uvj4,1653476.68,258146.67,0
337,CASH_IN,88930.26,C1512471667,6312610.51,2144613.15,C1494895554,2900837.91,1.188242156E7,1
129,CASH_OUT,51108.09,sdv-pii-3j48h,4280079.8,2309818.94,sdv-pii-rkemk,986188.76,4785367.02,1
365,TRANSFER,145811.72,sdv-pii-4rnmx,278182.78,5186331.9,sdv-pii-lcey7,35965.32,22.6,1
283,PAYMENT,33594.85,C936989847,7062478.23,830856.37,M895184025,582611.33,881977.26,0
204,PAYMENT,42709.7,C930979223,967518.1,1765648.92,C1920949659,363980.56,0.03,1
265,PAYMENT,62359.27,C650684695,70014.92,195654.48,C2000536384,393478.97,17.65,1
561,TRANSFER,1144882.98,C919453420,17766.83,1692.94,M1241307029,7667028.46,2.698480299E7,0
451,PAYMENT,185953.21,C1921429487,86.27,14.2,M550852112,6307224.42,5855228.22,0
110,CASH_IN,79055.48,C1251992654,675842.29,6863007.09,C64264176,1997449.1,21046.93,0
82,CASH_IN,1185824.21,sdv-pii-a75ee,130755.59,1437592.25,sdv-pii-njsbb,8754255.46,1.707328305E7,0
302,CASH_IN,86163.09,C1576089723,658138.22,672693.14,C535767424,2441711.16,293825.76,0
698,CASH_OUT,222861.85,C970623299,117.95,55.67,M469540409,2383100.95,948337.59,1
465,PAYMENT,284.77,C1295193094,385168.94,2114010.42,M1701328343,58194.47,0.0,1
65,PAYMENT,54057.01,C2116597286,4413566.22,5878506.03,C261226480,313422.99,7.93,1
248,CASH_IN,187510.87,C843084189,222956.92,4321955.77,C444891556,2395762.31,259.26,0
459,TRANSFER,34.13,sdv-pii-jm3qm,2564689.34,4228583.9,sdv-pii-agdon,49527.08,4.14,1
147,PAYMENT,84891.06,C1946908906,67483.98,7990.63,M1675445406,150755.18,0.12,0
83,CASH_IN,90366.23,sdv-pii-nge24,558.97,1425370.22,sdv-pii-lasmd,3052067.74,3712943.37,0
196,CASH_IN,1293311.38,C233078904,620652.6,396175.11,M703452702,1.520224786E7,3.025226183E7,0
386,CASH_OUT,237641.83,C1092482872,9867994.12,4084441.34,C1502836661,973021.65,33390.86,0
9,CASH_OUT,79330.21,C1544288865,1829730.41,1795645.47,C716417893,140863.19,99603.09,1
239,CASH_IN,46215.98,sdv-pii-ro13d,316493.44,3130790.69,sdv-pii-4v2zr,719442.8,5506.53,0
450,CASH_OUT,86477.17,sdv-pii-d25ru,10978.63,206940.63,sdv-pii-da264,5094875.18,1.080193547E7,0
273,PAYMENT,165.53,C1279372909,300781.96,231615.75,M461781382,327244.45,39.58,0
98,PAYMENT,3064.45,C733651316,43545.78,82876.59,C1863424409,510123.25,0.54,1
255,CASH_IN,722334.27,C1061377766,256027.54,94086.74,M686900876,8751689.94,9461390.12,1
90,CASH_IN,47246.7,C1657176535,6103308.53,1.618625874E7,C541177943,4824465.31,1.287445955E7,0
445,PAYMENT,161042.79,C975744637,1105754.17,1194652.43,C1733500204,966961.48,661.32,0
27,PAYMENT,22313.62,C1800966908,9.66,1.76,C97718633,18121.6,14.23,1
145,CASH_OUT,43892.66,C1213044009,97413.4,542572.79,C1566657103,156212.02,0.0,1
54,PAYMENT,14744.14,C1673177703,12998.7,17266.72,C427644641,46695.14,0.0,0
446,PAYMENT,18541.82,sdv-pii-l672j,31.18,130776.28,sdv-pii-pqqyl,103263.79,4.38,1
295,TRANSFER,24507.54,C627846087,6254862.26,7296761.03,C224416520,16688.95,0.0,0
363,CASH_IN,434944.23,sdv-pii-dnns3,3532909.92,4626897.76,sdv-pii-rsbrk,1557613.38,1010406.16,1
387,CASH_OUT,11989.77,C1169349790,4260704.73,4515430.59,C1732867226,147054.65,13.84,0
65,CASH_IN,202012.37,C312541551,421439.67,1390497.97,C716007661,2681906.83,762494.06,0
442,PAYMENT,2022.72,C1854503148,847095.08,1364802.01,C844250775,78437.24,0.0,0
284,TRANSFER,5337.81,sdv-pii-15jyv,0.21,20496.92,sdv-pii-j2pnp,711684.63,143335.67,1
227,CASH_OUT,114001.97,C428622835,2.18,11.39,C1923943424,441320.54,9123.86,0
331,PAYMENT,30475.62,C33189934,2529945.93,20896.53,M405045743,89650.96,0.0,0
86,CASH_OUT,20584.08,C1740133140,221307.21,1.139780572E7,C696946987,2044528.98,292518.43,1
150,CASH_OUT,63644.48,sdv-pii-qzlsv,452425.52,167093.16,sdv-pii-n456x,317253.15,2662158.2,1
447,CASH_OUT,221676.6,C918888620,47372.96,82108.01,C2069574496,1618466.79,17588.62,0
327,CASH_OUT,3460.38,C979302736,39306.31,471486.33,M858523445,671373.57,72.83,0
105,CASH_OUT,374425.22,C203380920,254758.56,700933.46,C1574149833,1203638.39,7929.49,1
69,CASH_OUT,172904.81,C810626471,81350.44,573728.79,C737269576,9205385.56,1.059884101E7,1
175,PAYMENT,217729.12,C927741805,1441851.38,1728493.76,C123748476,966271.95,3817.59,1
203,CASH_IN,174967.67,sdv-pii-q7x0i,507024.28,173330.57,sdv-pii-cpnmr,1784427.75,6195216.13,0
404,PAYMENT,132795.38,sdv-pii-kw8ft,16719.13,20621.55,sdv-pii-dllzp,631599.85,15506.75,1
157,TRANSFER,5917.16,C292927264,8929184.14,5505212.38,M2048236909,793161.14,1448.47,0
206,CASH_OUT,83153.67,C67061048,21042.05,1097175.62,C1204245874,1521935.08,82876.63,0
134,TRANSFER,1614.05,C1399584746,393885.15,461859.49,C158242145,359754.06,321.6,1
226,TRANSFER,47931.55,sdv-pii-ztx0c,0.44,242.68,sdv-pii-jig3t,923210.83,1126281.13,1
30,PAYMENT,26754.46,C1280866995,1.345395982E7,2319172.23,C1342736865,315541.26,0.04,1
174,PAYMENT,3401.16,C685252151,72.39,279.63,C2025903211,439660.72,680.03,1
346,CASH_OUT,13782.58,C923197395,5776908.04,5330175.97,M129804985,488834.18,8122.83,1
69,PAYMENT,1701.11,C1862740146,68371.2,1937006.0,C1093235949,104433.55,0.0,1
137,TRANSFER,17.92,C1668178698,5060999.69,1223626.99,C152571652,13730.0,0.0,0
253,PAYMENT,84911.0,C1251443565,17464.5,1076448.33,C2060820285,3724504.47,3462514.66,1
384,CASH_IN,155695.95,C1753910676,1.221247485E7,1.23947213E7,C1450473893,2625383.07,46322.77,0
277,PAYMENT,417696.46,C1064795728,1633705.52,207481.13,C21348312,416419.15,3.69,0
594,PAYMENT,1.72,C958406282,4632921.33,1.066744603E7,M357778201,157724.47,7.96,1
66,PAYMENT,8436.05,sdv-pii-pxp17,4368033.02,5231271.04,sdv-pii-j5t1o,137820.42,0.06,0
621,CASH_IN,17104.79,C1044312306,1.043987211E7,9360977.93,C383007858,1176298.12,43784.72,1
98,CASH_IN,518660.89,C1184931495,26418.95,20332.93,C1477629649,7050805.55,3.036739108E7,1
83,CASH_OUT,8991.73,C994970247,23317.22,50756.9,M136267653,106989.46,0.0,1
264,CASH_IN,5122.98,C1144345957,9155631.58,1.463554448E7,C1380984905,862172.88,869116.27,0
137,CASH_OUT,985335.04,C1054316818,12150.52,1192275.1,M1676159970,2709852.11,2284549.17,1
56,CASH_OUT,24771.46,C1961332749,74708.99,906988.29,C271358248,1840217.0,24422.76,0
66,PAYMENT,21624.94,sdv-pii-xvnr6,30218.17,12762.91,sdv-pii-lte26,1342553.95,2204456.06,1
134,CASH_IN,155775.04,sdv-pii-d5cjr,7083819.73,3683302.72,sdv-pii-tm6uw,1551487.23,454562.23,0
71,CASH_IN,301015.71,C1906179150,3216920.62,1802848.91,C315120223,2193811.89,173773.62,1
52,CASH_IN,169502.95,C380203048,14775.45,750370.4,C732470450,1.019744931E7,209860.35,1
117,CASH_IN,284968.65,C1048594695,6633060.86,4055599.04,C752859121,2023524.34,498694.84,0
339,CASH_IN,32514.53,C1049591553,100174.63,1272033.44,C1749787892,323623.91,0.08,1
79,PAYMENT,56433.06,C1249353044,5021689.18,4313309.04,M670132255,103419.47,3250.27,1
554,PAYMENT,326860.49,C802043617,53004.09,5016.74,M1626646148,6011348.47,1.827862185E7,1
413,PAYMENT,114005.3,sdv-pii-x9nak,45695.4,4569.47,sdv-pii-b9d3a,1423486.83,294990.4,1
39,PAYMENT,70.69,C1705524624,5382347.82,166570.41,C1684516585,26718.78,0.0,0
420,CASH_OUT,343106.92,C552589470,1.51,61263.34,C361928473,2466966.66,9663.79,0
49,CASH_IN,181789.79,C2064420789,1.17919493E7,8317947.3,C46748390,2117264.12,633872.14,1
361,PAYMENT,16041.2,C2008780709,1171070.43,2868199.03,M1105273364,826450.15,7.9,0
256,CASH_IN,264869.3,sdv-pii-shyqg,785006.38,268683.81,sdv-pii-3thb3,6575639.57,3.301542139E7,1
69,CASH_OUT,466339.38,C2014478145,1992897.71,3989404.1,M1877868578,1321160.62,2649054.33,0
164,PAYMENT,25317.49,C1918356789,8640761.34,605863.26,M440937875,1314767.89,161922.8,1
277,CASH_OUT,6866.17,C1901764617,23912.32,927590.8,C400251951,700214.02,0.0,0
312,PAYMENT,3630.32,sdv-pii-yl5hf,941351.51,58967.04,sdv-pii-g0crd,11045.4,41.05,0
39,TRANSFER,75951.46,sdv-pii-2rl7d,19642.89,3568.84,sdv-pii-8dn13,293744.27,232.39,0
54,CASH_OUT,43710.21,C990041582,1466398.99,946545.44,C320834448,59033.62,1.23,1
71,CASH_IN,527195.08,C478324112,1945732.54,3629717.91,C1985340960,1952264.37,6449903.17,0
299,PAYMENT,174.37,C1011739854,20155.69,26147.55,M1854446118,645.81,0.0,0
56,TRANSFER,395286.18,C993476344,992208.24,4234887.23,C943144418,629741.9,10060.86,1
114,CASH_OUT,64033.48,C1839218378,289147.24,6602686.13,C448261013,3776407.3,33603.62,0
307,PAYMENT,903.67,sdv-pii-4zwtg,1010024.38,6470247.87,sdv-pii-gl6yz,85245.41,5.2,1
57,CASH_OUT,75627.24,C1546449172,90627.33,6244507.73,C1510441681,352421.97,41.0,1
106,TRANSFER,2500.06,C1730237986,6259819.41,1729788.06,C74489631,47356.98,0.0,0
123,PAYMENT,318.78,C1200100321,2976.33,3985.01,C88226327,1178877.54,1699.9,1
359,PAYMENT,4714.37,C1284953073,1.043547932E7,7379772.84,M1649237059,6071.9,0.0,0
196,TRANSFER,18138.29,C1356960383,84244.19,656816.77,M240000857,1168886.03,177244.61,0
449,PAYMENT,60450.01,C1876781416,385374.18,747258.61,M1426098526,333734.51,0.0,1
533,CASH_OUT,164203.11,C824547795,2730045.42,2947847.77,C615389309,4380805.96,99704.62,1
69,CASH_IN,351668.05,C691056241,30560.25,890253.37,C607993827,783071.53,27024.92,0
64,CASH_OUT,236370.12,sdv-pii-pakrn,161064.52,4271503.08,sdv-pii-2olj7,4024494.11,5324509.97,0
73,PAYMENT,3968.36,sdv-pii-l5b1z,8.99,1284.9,sdv-pii-4f47v,49435.3,26.02,1
107,CASH_OUT,528135.28,C757838782,1403783.96,57006.59,C750507944,1454239.86,869675.65,1
225,PAYMENT,46874.84,sdv-pii-5kjpp,3048826.39,937861.51,sdv-pii-bglwa,336955.99,2045.89,1
60,PAYMENT,274616.37,C1419536904,249980.37,61.12,M1007719516,50632.77,233.27,0
245,CASH_IN,982607.28,C1447441178,4004939.35,351589.99,C1241407795,4406084.96,4.551519626E7,1
126,CASH_OUT,5012.8,C393155383,1657.23,400217.12,C1764962452,1143778.57,80984.42,0
337,PAYMENT,617.47,sdv-pii-gcjlz,2634859.98,1505593.19,sdv-pii-2lphe,21252.33,65.47,0
162,PAYMENT,4140.11,sdv-pii-lpljm,164013.37,1452404.36,sdv-pii-ont15,459381.29,3669.43,1
367,PAYMENT,94517.76,sdv-pii-v8esa,0.05,2153.09,sdv-pii-5yyz6,164562.95,11.09,0
105,PAYMENT,6639.71,C1491993563,0.97,937.12,C239712197,673168.26,118.29,0
95,CASH_OUT,102135.13,C1305178729,1887490.64,3000451.7,C884037880,430471.87,280.74,1
371,CASH_OUT,72085.02,C599924589,44153.88,1710624.91,M667535080,5917405.84,6001424.24,0
352,CASH_OUT,107990.35,C1455870178,962254.78,1056007.2,M1996168480,983020.22,827.27,0
457,CASH_OUT,320735.56,sdv-pii-49m36,490413.93,1938288.03,sdv-pii-tcmkc,864279.63,756748.48,1
98,PAYMENT,7664.94,C93421921,882006.28,1432868.22,C181941687,71714.95,0.0,0
382,PAYMENT,115841.84,C1821404273,452326.91,241825.52,C213252094,409787.16,3.98,0
445,PAYMENT,21840.77,C1353801688,610896.3,62398.46,C1558154112,71618.84,0.01,0
209,CASH_IN,5612.05,C1554374597,643825.06,7777433.36,C388105260,716494.54,0.0,1
408,CASH_IN,14364.52,C500366673,6037571.69,3544183.21,M1970555023,3238449.57,3263704.78,1
187,CASH_OUT,325108.49,sdv-pii-ziukl,1.032390741E7,1.17089826E7,sdv-pii-6l3vb,2496985.91,1.322162188E7,0
174,CASH_OUT,153347.62,C2025569651,22012.64,606279.61,C1627785046,2496595.18,72664.08,1
29,PAYMENT,24076.33,C41213671,0.01,586.84,C602830476,13300.44,0.0,1
256,PAYMENT,116521.18,sdv-pii-76q2m,273.13,2.48,sdv-pii-3ag04,1273369.97,330754.91,1
40,CASH_OUT,3893.83,C574437474,1.370108066E7,1.929384674E7,C1071907929,33547.89,0.0,1
218,CASH_IN,377784.73,C352177970,820624.83,9330965.25,C1304988900,7891674.83,7378335.84,1
29,PAYMENT,26097.39,C1102460171,246797.24,2649099.87,C355105316,5600.36,0.0,0
406,CASH_IN,538334.87,C173556999,4396418.17,6891094.9,M1820225674,1975374.44,4170.81,0
159,CASH_OUT,118565.52,C27128770,258770.09,7692.9,C1435118194,1162994.14,18205.58,0
345,PAYMENT,4576.23,sdv-pii-4rfgu,18.84,84590.96,sdv-pii-1d7l6,711645.57,1172.83,1
168,CASH_OUT,365601.9,C994162279,27409.24,215625.74,C770424771,781510.1,0.02,0
209,CASH_OUT,13800.8,C772728487,13018.9,2984587.29,C1148499918,3489634.69,11.46,1
191,TRANSFER,13401.85,C149586770,2654388.2,5696038.81,C465685833,113072.96,0.0,1
206,CASH_IN,5255.07,C1717058234,2888599.79,483277.71,C1773007861,14305.72,0.0,1
127,TRANSFER,123355.13,sdv-pii-oa92b,5662291.22,7207266.01,sdv-pii-6h30r,464858.76,44605.2,1
30,PAYMENT,53636.14,C1248885962,3.66,14.58,C309808457,78457.04,0.0,1
581,PAYMENT,32375.29,sdv-pii-4zh2a,1456675.91,2166743.64,sdv-pii-7ks2l,138082.58,891.14,0
330,CASH_IN,1062029.43,C1884402506,335160.23,125880.25,C1490504925,1.340467669E7,4.411142458E7,0
32,PAYMENT,69152.6,sdv-pii-gggal,987634.06,375486.33,sdv-pii-sy6kq,2059.55,211.03,0
1,CASH_IN,31215.71,C137734096,410756.81,489609.17,C179481608,1256470.63,15.49,1
202,CASH_IN,383427.72,C2018337836,41211.97,1323756.34,C288917438,2523714.03,1797238.25,0
140,CASH_IN,132441.9,C135694752,23849.53,85050.47,C138188425,1246573.99,47.92,1
352,PAYMENT,419385.29,C443766254,428149.16,2705994.59,C1307651219,3163163.33,267.17,0
145,CASH_OUT,27910.62,C1363542913,61112.34,1485571.53,C1970866392,1399755.88,272459.66,1
230,CASH_OUT,10979.69,C1190806293,16293.31,804065.32,C456075977,765000.23,514.51,0
40,CASH_OUT,1182629.48,C1997827343,101.42,146826.34,C970719887,2653841.38,1239238.64,1
378,PAYMENT,5110.5,C1747455689,8917.88,11898.43,C1611385287,198647.92,30260.58,0
141,CASH_OUT,437483.03,C1282855095,2762129.2,679237.09,C44554501,609125.97,1028.57,0
67,PAYMENT,20038.32,sdv-pii-wqkik,28795.82,479769.31,sdv-pii-p5m6e,651337.19,35068.26,1
298,CASH_IN,129746.84,C851852819,9397.58,9544.64,M911151345,6491967.48,304293.27,0
180,CASH_IN,390648.74,C1462444840,35070.3,629522.0,C1473708036,3425287.31,2025578.7,1
194,PAYMENT,17256.48,sdv-pii-vrdaf,297.67,34.92,sdv-pii-v2fy0,399022.85,156449.13,1
168,CASH_IN,175465.56,C94323710,2182519.74,3265829.77,M2101220282,5948446.64,1188148.9,1
216,CASH_IN,12078.82,C1906153815,1287.57,2279583.43,C495864020,5335259.35,84971.47,0
175,PAYMENT,241.4,C340670400,4310081.1,6568725.2,M1815469925,9156.9,0.0,0
46,CASH_IN,288677.86,C1060304903,124491.78,2655710.51,C264862367,2335513.75,2046096.78,1
301,CASH_OUT,43724.86,C318750195,26066.39,110926.11,M1957952935,2506183.75,225818.86,1
81,CASH_OUT,194591.74,sdv-pii-odp5k,1.958131733E7,9139489.43,sdv-pii-eyjsc,79340.15,15263.56,1
175,TRANSFER,64793.59,C1603277590,11980.29,407997.65,C408248628,2860074.49,1276947.61,0
502,PAYMENT,116803.74,C528278098,707087.25,405840.83,C1747699290,171054.36,213.17,0
494,PAYMENT,3192.2,C984149012,2213672.02,1238314.85,M1168607367,579.2,0.0,1
357,CASH_OUT,11498.96,C650963873,96113.46,260000.21,M916137378,3477511.62,1.18129627E7,0
635,CASH_IN,711289.41,C1035527625,1979295.25,1454629.21,C195006344,1.009235908E7,9589741.83,1
143,PAYMENT,180502.44,C1430565089,915402.19,1795570.55,C1233657848,876401.36,4689.58,0
327,PAYMENT,20512.66,C1051556671,1774.96,152278.12,C1976377819,706087.68,5.41,0
534,CASH_IN,38804.49,C1086361303,1967484.17,1.235386271E7,M414855273,372350.97,522055.18,0
199,TRANSFER,180829.86,sdv-pii-rg1lx,8274679.14,1877491.51,sdv-pii-o1lxm,232234.27,26092.39,0
133,CASH_OUT,9761.56,C1495846755,11514.77,1486324.48,C116831411,691002.43,0.16,0
382,PAYMENT,11810.82,C1685922440,9478.55,1549732.26,C1900482113,420894.86,1049.75,0
164,CASH_IN,187207.04,C372366542,3914324.75,2246191.3,C705504403,1943312.33,343313.54,0
222,PAYMENT,31757.42,C975594715,41159.04,1368212.26,C861553562,18398.97,5.75,0
156,PAYMENT,79487.28,sdv-pii-82qj6,778118.65,4082677.29,sdv-pii-itmru,498804.41,104052.44,0
90,CASH_OUT,47215.06,C896457509,1528650.11,4903279.05,C1613085079,3056339.13,28266.61,0
381,PAYMENT,928829.52,sdv-pii-o1vyp,8403.86,1640.65,sdv-pii-gq7i9,1586293.96,1135027.69,1
476,CASH_OUT,220770.96,sdv-pii-ev8o2,41462.74,9229.3,sdv-pii-m13be,4333125.0,1.079618997E7,1
255,PAYMENT,217411.12,C1435101968,47405.6,744.49,C1412067131,1069166.28,1231649.91,1
119,PAYMENT,1166.23,C553696233,77238.37,739343.77,M1077072733,1273108.49,1845357.77,0
351,CASH_IN,25323.72,C1332967289,13219.75,2508922.53,C624738390,2059317.78,176389.6,0
303,CASH_OUT,18573.42,C713830638,284698.36,2295543.56,C1246421086,2607903.13,47474.06,1
206,CASH_OUT,136412.55,C143883304,178876.62,133271.84,C481796716,102604.03,2.43,1
171,CASH_IN,1160243.22,C1905637348,1279283.4,8878.82,C1860153933,5254690.0,2.058815424E7,0
255,CASH_IN,310780.05,C2104245257,2787006.02,1.172586563E7,C910150065,522621.92,0.0,1
137,CASH_OUT,45643.74,C882474648,2644813.27,933724.97,M393234013,1513398.86,73118.81,1
441,CASH_OUT,93212.44,C453950138,2561246.12,5875058.91,M1783195129,75716.69,0.0,1
57,PAYMENT,44346.44,C721393564,531471.89,3293681.14,C275928532,94293.56,0.0,1
314,CASH_OUT,107922.21,sdv-pii-mvw4o,279798.75,46585.93,sdv-pii-1jaq2,454064.74,2184078.13,0
231,PAYMENT,1247.5,C1552941909,5553.68,29008.74,M969722996,175997.62,0.0,1
105,CASH_OUT,776.66,C1121006664,1455370.2,568269.94,C1178589163,182513.14,7.16,0
450,CASH_OUT,58643.94,C1770280796,6423.84,1080500.41,M1360635540,1919847.68,13.41,0
62,CASH_OUT,1072.21,sdv-pii-g3b63,1241732.57,570990.66,sdv-pii-k1kwt,202249.48,12472.83,1
613,CASH_OUT,12525.82,C1661057649,544809.76,2514765.97,M1798912598,616445.94,0.05,1
520,PAYMENT,32.97,C2035317903,62419.41,100705.16,C1577833073,183.12,0.0,0
127,PAYMENT,8825.65,C1470748067,21633.69,979525.86,M2120998920,711320.49,0.03,1
378,TRANSFER,73082.43,sdv-pii-lvj9h,494.66,5193.14,sdv-pii-zp8bm,1476020.91,1492320.45,0
196,TRANSFER,258924.54,C864750919,1709.19,147.1,C1879669577,2683754.23,4013191.92,0
346,CASH_OUT,185181.41,C48521923,129.1,2567782.83,C299807793,6726856.91,1042813.61,0
278,PAYMENT,236753.08,C382583470,10388.42,166.54,M1740391745,999159.74,12540.11,1
33,CASH_IN,825732.22,C69750607,15100.43,2210135.62,M1136427056,9099484.14,8354212.34,1
103,PAYMENT,17.74,sdv-pii-xgfha,900969.15,2604033.59,sdv-pii-43gn5,712.36,0.0,1
14,CASH_OUT,490399.65,sdv-pii-03uh9,848093.47,38705.46,sdv-pii-02719,473746.17,454926.55,1
342,CASH_OUT,15313.11,sdv-pii-iiamq,7526.48,497772.78,sdv-pii-ksts3,354219.98,97892.73,1
168,CASH_OUT,82826.26,C243087402,6635.75,1122.25,C770115951,2954864.24,1.604462236E7,1
615,CASH_OUT,1138265.55,sdv-pii-gngqy,380723.37,80230.1,sdv-pii-n3myo,5150371.93,2.856058734E7,0
106,PAYMENT,4.42,C2126136413,839582.63,499095.21,C677038969,147.32,0.0,1
121,PAYMENT,37003.08,C1666611753,106.99,227562.04,C1751850801,184009.32,0.0,0
485,CASH_OUT,29442.12,C1605401509,6160228.59,2916673.39,C313343969,3038316.32,2832839.49,1
79,PAYMENT,79907.73,sdv-pii-w7gfr,13.18,3857.91,sdv-pii-3zs5m,59206.4,270.35,0
62,CASH_OUT,158416.71,C1566091042,645351.67,1052830.95,C251283676,2994702.12,1182212.17,1
286,TRANSFER,115417.69,C1628852989,1538417.26,2963462.12,C1182468469,1130371.13,2055.59,1
161,CASH_OUT,212188.3,C1287169323,213338.36,760.21,C1882882348,945336.49,2883613.31,0
19,PAYMENT,15769.39,C338533350,418229.36,323727.35,C998757677,50633.21,1066.67,0
506,PAYMENT,204366.77,C171274180,9239564.52,3297872.1,M558780557,33723.43,657.42,0
99,CASH_IN,757451.45,sdv-pii-76tim,274742.5,1826512.73,sdv-pii-of59v,7776769.4,3.854878408E7,1
9,PAYMENT,109584.78,sdv-pii-onh8s,222574.76,644165.45,sdv-pii-ejdva,11534.73,44.68,0
743,CASH_OUT,165347.26,C1114724243,9010240.38,5427365.34,M1792440320,50673.98,2501.74,0
201,CASH_OUT,48452.68,C274894510,9700.38,39809.61,M2027636661,481091.66,0.35,0
372,CASH_OUT,387619.71,C53928563,886789.46,339784.34,M701621011,2122679.32,5223724.61,1
45,CASH_IN,67521.43,C1111859912,5619631.35,2116877.82,C487219656,2621914.56,617347.62,0
67,CASH_OUT,283075.06,sdv-pii-ibrwi,475587.29,1818797.16,sdv-pii-8rwdq,560308.65,263683.04,1
185,CASH_OUT,31709.02,C472940909,2126020.47,768656.42,C79290951,44720.1,0.0,1
108,PAYMENT,15613.86,sdv-pii-6f3q4,1050.58,397872.62,sdv-pii-dmeki,5438576.91,3004643.42,0
206,TRANSFER,161227.29,sdv-pii-t4662,37340.3,41301.01,sdv-pii-gn27u,2664754.48,6864613.42,1
243,CASH_IN,443985.01,sdv-pii-7d2jo,563976.46,15728.39,sdv-pii-1srzn,3260585.91,3908222.26,0
250,PAYMENT,15939.99,C1883102047,1682227.67,2531553.15,C1833870870,884714.54,3.37,1
141,CASH_OUT,419454.49,C1512365162,1404617.55,1119659.55,M786454250,2976005.11,289800.01,0
160,CASH_IN,317283.78,C1699029692,174762.14,94979.5,C545841977,3177953.34,2.927252373E7,1
274,CASH_OUT,124157.89,sdv-pii-pezfl,23889.93,128702.61,sdv-pii-00crq,2376298.6,6911719.31,1
94,CASH_IN,72216.73,sdv-pii-pitcd,247194.14,92207.25,sdv-pii-loi2d,2519880.7,1.80040858E7,0
126,CASH_OUT,198494.88,C1727366573,661662.86,1431652.04,C2140512000,1065302.69,596288.62,0
243,PAYMENT,1954.56,sdv-pii-6sfm5,3827463.04,421264.98,sdv-pii-36h6d,82166.12,83.82,1
125,PAYMENT,26720.25,sdv-pii-mxqma,727048.14,95083.99,sdv-pii-3f211,39848.21,1.29,1
249,CASH_IN,514639.39,C267125162,71038.24,3473209.12,C569640398,6453465.44,1478317.26,0
57,CASH_IN,219739.25,C2046013981,229959.78,1328236.63,C985934102,3742150.35,956312.61,1
86,CASH_OUT,34335.28,C980820052,490.72,79.45,M660899335,1677760.7,2561648.49,0
191,CASH_IN,61588.69,C1508135019,1015394.9,3463378.75,C176634708,8525187.72,45337.68,1
76,CASH_IN,294901.86,C573475687,3324648.99,3662775.28,C1331028012,1032772.78,7033.33,0
459,PAYMENT,2733.71,C1728178663,28871.03,3115314.73,C1958857398,119112.8,0.0,1
151,PAYMENT,548223.18,sdv-pii-htwin,4163.64,1910.98,sdv-pii-3o628,1843795.52,2717066.82,1
743,CASH_OUT,17722.19,C855197704,0.01,1092.46,C1583570173,1510883.06,232536.76,1
427,PAYMENT,20750.24,C671368389,3597048.96,4057303.0,M1267049541,22372.76,1.8,0
428,PAYMENT,27016.67,C492079716,1959273.5,1864131.15,M1770353681,163009.99,0.09,0
293,PAYMENT,139113.32,C595459284,1.76,0.09,M328525164,8487562.86,7718926.95,0
323,CASH_OUT,349153.0,C1261749804,5776608.62,4906849.72,C1837745619,3919595.17,90583.55,1
447,PAYMENT,7028.72,C428936511,1205.23,50922.3,C1356439929,124785.65,0.08,1
105,PAYMENT,69948.57,C1225367838,4526.32,345363.99,C1308026520,776480.21,1.47,1
195,CASH_OUT,14383.54,sdv-pii-vfix3,3903080.34,1.526785017E7,sdv-pii-n2h0q,1042905.76,696801.46,1
434,CASH_IN,73770.42,C627414394,7802099.76,1.168402087E7,M224879006,1490558.63,0.86,1
56,CASH_OUT,2029.2,C1039802669,2726457.75,6138285.02,C1540573050,829961.8,405288.45,0
193,PAYMENT,52207.24,C576470245,2393.23,1673.29,C252431988,3194662.78,4971.49,1
326,PAYMENT,45031.15,sdv-pii-c4jrm,260202.13,273577.3,sdv-pii-jcfg2,5191030.98,5437431.16,0
417,PAYMENT,52145.8,C1893752666,0.01,18.07,M1546526338,641610.21,18463.56,0
236,PAYMENT,8332.74,C1912573832,69.8,9.94,M1318923417,18948.76,70.61,1
